/*
 Navicat Premium Data Transfer

 Source Server         : localhost_3306
 Source Server Type    : MariaDB
 Source Server Version : 100414
 Source Host           : localhost:3306
 Source Schema         : quanlythuvien

 Target Server Type    : MariaDB
 Target Server Version : 100414
 File Encoding         : 65001

 Date: 03/07/2021 11:46:28
*/

SET NAMES utf8mb4;
SET FOREIGN_KEY_CHECKS = 0;

-- ----------------------------
-- Table structure for books
-- ----------------------------
DROP TABLE IF EXISTS `books`;
CREATE TABLE `books`  (
  `id` bigint(20) NOT NULL AUTO_INCREMENT,
  `author` varchar(255) CHARACTER SET utf8 COLLATE utf8_general_ci NULL DEFAULT NULL,
  `content` text CHARACTER SET utf8 COLLATE utf8_general_ci NULL DEFAULT NULL,
  `created_date` datetime(0) NULL DEFAULT NULL,
  `description` text CHARACTER SET utf8 COLLATE utf8_general_ci NULL DEFAULT NULL,
  `highlight` bit(1) NULL DEFAULT NULL,
  `image` varchar(255) CHARACTER SET utf8 COLLATE utf8_general_ci NULL DEFAULT NULL,
  `is_active` bit(1) NULL DEFAULT NULL,
  `is_delete` bit(1) NULL DEFAULT NULL,
  `modified_date` datetime(0) NULL DEFAULT NULL,
  `name` varchar(255) CHARACTER SET utf8 COLLATE utf8_general_ci NULL DEFAULT NULL,
  `price` bigint(20) NULL DEFAULT NULL,
  `quantity` int(11) NULL DEFAULT NULL,
  `slug` varchar(255) CHARACTER SET utf8 COLLATE utf8_general_ci NULL DEFAULT NULL,
  `category_id` bigint(20) NULL DEFAULT NULL,
  PRIMARY KEY (`id`) USING BTREE,
  INDEX `FKleqa3hhc0uhfvurq6mil47xk0`(`category_id`) USING BTREE
) ENGINE = MyISAM AUTO_INCREMENT = 1046 CHARACTER SET = utf8 COLLATE = utf8_general_ci ROW_FORMAT = Dynamic;

-- ----------------------------
-- Records of books
-- ----------------------------
INSERT INTO `books` VALUES (1001, 'Nguyễn Ngọc Thạch', '<p><span style=\"color:rgb(24, 24, 24); font-family:merriweather,georgia,serif; font-size:14px\">Năm năm sau Khóc giữa Sài Gòn, mỗi nhân vật chính lại có con đường đi riêng nhưng rồi không hẹn mà gặp, họ cùng nhau quay lại Sài Gòn, gặp những con người mới đến, còn bỡ ngỡ với vùng đất này và viết lên những câu chuyện mới.</span><br />\r\n<br />\r\n<span style=\"color:rgb(24, 24, 24); font-family:merriweather,georgia,serif; font-size:14px\">Đó là Khoa, cậu trai trẻ sớm mồ côi, bị ám ảnh bởi mùi biển và những xác người trắng phôi pha.</span><br />\r\n<br />\r\n<span style=\"color:rgb(24, 24, 24); font-family:merriweather,georgia,serif; font-size:14px\">Đó là Đăng, tham vọng nhưng dại khờ, ít tài năng nhưng chọn con đừơng bất chấp để thành công.</span><br />\r\n<br />\r\n<span style=\"color:rgb(24, 24, 24); font-family:merriweather,georgia,serif; font-size:14px\">Đó là Kate, người đàn bà bí ẩn với nụ cười nhếch môi, nhìn chuyện ồn ào ngoài kia như trò chơi của riêng mình.</span><br />\r\n<br />\r\n<span style=\"color:rgb(24, 24, 24); font-family:merriweather,georgia,serif; font-size:14px\">Đó là Khánh, người vợ cứ mãi băn khoăn trong câu hỏi liệu hạnh phúc gia đình phải giữ bằng cách nào.</span><br />\r\n<br />\r\n<span style=\"color:rgb(24, 24, 24); font-family:merriweather,georgia,serif; font-size:14px\">Và đó là Sinh vật Cô đơn, gã trai trẻ sống một cuộc đời xoay đều trong quỹ đạo của buồn tênh.</span><br />\r\n<br />\r\n<span style=\"color:rgb(24, 24, 24); font-family:merriweather,georgia,serif; font-size:14px\">Đó còn là Phan, mang ám ảnh về Nam. Là Mễ, vẫn đợi chờ người đàn ông của đời mình, là Ân, nay gai góc, xù xì như con nhím tự bảo vệ bản thân.</span><br />\r\n<br />\r\n<span style=\"color:rgb(24, 24, 24); font-family:merriweather,georgia,serif; font-size:14px\">Và họ cùng nhau lạc giữa những miền đau, lạc giữa mảnh đất mang tên Sài Gòn.</span><br />\r\n<br />\r\n<span style=\"color:rgb(24, 24, 24); font-family:merriweather,georgia,serif; font-size:14px\">Bạn, có sẵn sàng để cùng lạc với họ không?</span></p>\r\n', '2021-05-11 03:36:05', 'Người ta bảo yêu nhau 1 tháng với yêu nhau 1 năm khác nhau một trời một vực. Còn 3 năm thì không còn gì để nói. Công nhận là cũng hơi khác.', b'1', 'Zpl7_lac_giua_mien_dau.jpg', b'1', b'0', '2021-07-03 10:09:43', 'Lạc Giữa Niềm Đau', 152000, 5, 'lac-giua-niem-dau', 29);
INSERT INTO `books` VALUES (1002, 'Hamlet Trương', '<p><strong>Trích đoạn</strong></p>\r\n\r\n<p>“- Những ngày còn quen em, anh có lừa dối em lần nào không?</p>\r\n\r\n<p>– Không!</p>\r\n\r\n<p>– Làm sao để em tin điều đó?</p>\r\n\r\n<p>– Người đàn ông chân chính sẽ không bao giờ lừa dối người đàn bà mà anh ta kính trọng.”</p>\r\n\r\n<p>(Thiên Bình không ngủ)</p>\r\n\r\n<p>“Bạch Dương dự định hỏi xin thuốc giải cho chính cô, nhưng cô chợt ngừng lại vì… sĩ diện! Thật ra chuyện một tiên nữ mà bất cẩn đến nỗi trúng độc hoa Tình thì thực sự rất mất mặt, cô sẽ trở thành trò cười của mọi người mãi mãi về sau. Đối với Bạch Dương, sĩ diện là quan trọng nhất”</p>\r\n\r\n<p>(Bạch Dương trên đảo Đào Hoa)</p>\r\n\r\n<p>“Tôi cầm trên tay tấm bưu thiếp của Nhân Mã, tưởng tượng ra được nét mặt trẻ con và cái điệu bộ vừa đi từng nhịp nhanh vừa mở hết mắt, hết tai để nghe tiếng thiên nhiên gọi. Tôi thấy hạnh phúc mình trong hạnh phúc của anh, dù chúng tôi đã mấy tháng trời không thấy mặt”.</p>\r\n', '2021-05-11 03:37:19', 'Lần đầu tiên 12 chòm sao được cụ thể hóa thành những nhân vật có số phận, có tính cách đặc trưng trong những câu chuyện tình lãng mạn đến bất ngờ.', b'0', 'vtuu_12_cach_yeu.jpg', b'1', b'0', '2021-07-03 10:12:47', '12 Cách Yêu', 65000, 5, '12-cach-yeu', 28);
INSERT INTO `books` VALUES (1003, 'Mori Eto', '<p>OP 100 BEST SELLER – Có một người phạm tội nặng, chết đi không được luân hồi. Nhưng trong lúc linh hồn người này đang mất trí nhớ và trôi nổi vô định về một nơi tối tăm xứng đáng với cậu ta, thì một thiên sứ cánh trắng xuất hiện, giơ tay chặn lại, thông báo rằng cậu vừa trúng phiên xổ số may mắn của thiên đình, nhận được cơ hội tu hành kiêm tái thử thách. Theo đó, hồn cậu sẽ quay về trần gian, nhập vào xác một người vừa tự sát, ở trọ nhà người ta, nếm trải nhân tình thế thái và xử lý đống hỗn độn mà họ để lại. Mức độ hỗn độn tương đương với mức độ tội lỗi cậu phạm phải trong kiếp trước. Nếu việc tu hành diễn ra thuận lợi, ký ức kiếp trước sẽ dần dần quay về. Giây phút nhớ được tội lỗi mình đã gây ra cũng là lúc kết thúc quá trình ở trọ.</p>\r\n\r\n<p>Linh hồn cậu sẽ rời khỏi thân xác đi mượn và quay lên thiên giới, thuận lợi đặt chân vào vòng luân hồi, đầu thai sang kiếp khác. Colorful men theo những bất an bình thường mà ai cũng có thể gặp phải trong cuộc sống, nhưng một số người lại thấy chúng quá dị thường, quá kinh khủng, dẫn đến khổ tâm dằn vặt và rồi không thể vượt được qua. Để giải phóng những bình thường ấy, Colorful trình chiếu một giải pháp đặc biệt khác thường. Cuộc đời có muôn vàn nghiệm đúng, người ta tùy ý sống theo cách mình thích, nhưng một khi đã rút lui khỏi nó, thì chẳng còn nghiệm nào cho ta lựa chọn cả.</p>\r\n', '2021-05-11 03:38:08', 'Colorful (tạm dịch: Sắc màu) là quyển tiểu thuyết nổi tiếng của nữ tác giả Eto Mori, xuất bản năm 1998. Cuốn sách đã đạt giải thưởng Sankei Children’s Book Award lần thứ 46 – một trong những giải thưởng lớn và lâu đời nhất dành cho văn học thiếu nhi của Nhật Bản.', b'0', 'fAwP_colorfull.jpg', b'1', b'0', '2021-07-03 10:15:57', 'Colorful', 78000, 4, 'colorful', 28);
INSERT INTO `books` VALUES (1004, 'Đào', '<p style=\"text-align:justify\">Vẫn là câu chuyện về Tấm, Cám, dì ghẻ, đức vua với những tình tiết quen thuộc như thử giày, trèo cây hái cau, chim Vàng anh, cây xoan đào, quả thị nhưng lại có vô số uẩn khúc, bí mật được giữ kín đằng sau.</p>\r\n\r\n<p style=\"text-align:justify\">&nbsp;</p>\r\n\r\n<p style=\"text-align:justify\">Tình yêu của đức vua chỉ có một, và nó dành cho cô gái có nhiều thứ hơn một đôi bàn chân đẹp.</p>\r\n\r\n<p style=\"text-align:justify\">&nbsp;</p>\r\n\r\n<p style=\"text-align:justify\">Ở một nơi phép màu không tồn tại, để có được thứ mình muốn, đôi khi người ta cần đấu tranh và thậm chí trả giá thay vì ngồi một chỗ khóc và chờ Bụt xuất hiện.</p>\r\n\r\n<p style=\"text-align:justify\">Giá sản phẩm trên Tiki đã bao gồm thuế theo luật hiện hành. Tuy nhiên tuỳ vào từng loại sản phẩm hoặc phương thức, địa chỉ giao hàng mà có thể phát sinh thêm chi phí khác như phí vận chuyển, phụ phí hàng cồng kềnh, .....</p>\r\n', '2021-05-11 03:38:46', 'Sẽ thế nào nếu câu chuyện cổ tích kinh điển \"Tấm Cám\" được kể lại dưới một góc độ hoàn toàn khác, khi mà dì ghẻ thương con chồng như con đẻ, khi mà hai chị em cùng cha khác mẹ dành cho nhau tình cảm sâu đậm?', b'0', 'ASSW_co_tich_khong_phep_mau.jpg', b'1', b'0', '2021-07-03 10:17:53', 'Cổ Tích Không Phép Màu', 126000, 1, 'co-tich-khong-phep-mau', 28);
INSERT INTO `books` VALUES (1005, 'Koga Fumitake', '<p><em><strong>Dám Bị Ghét</strong></em></p>\r\n\r\n<p>Các mối quan hệ xã hội thật mệt mỏi.</p>\r\n\r\n<p>Cuộc sống sao mà nhạt nhẽo và vô nghĩa.</p>\r\n\r\n<p>Bản thân mình xấu xí và kém cỏi.</p>\r\n\r\n<p>Quá khứ đầy buồn đau còn tương lai thì mờ mịt.</p>\r\n\r\n<p>Yêu cầu của người khác thật khắc nghiệt và phi lý.</p>\r\n\r\n<p>TẠI SAO BẠN CỨ PHẢI SỐNG THEO KHUÔN MẪU NGƯỜI KHÁC ĐẶT RA?</p>\r\n\r\n<p>Dưới hình thức một cuộc đối thoại giữa Chàng thanh niên và Triết gia, cuốn sách trình bày một cách sinh động và hấp dẫn những nét chính trong tư tưởng của nhà tâm lý học Alfred Adler, người được mệnh danh là một trong “ba người khổng lồ của tâm lý học hiện đại”, sánh ngang với Freud và Jung. Khác với Freud cho rằng quá khứ và hoàn cảnh là động lực làm nên con người ta của hiện tại, Adler chủ trương “cuộc đời ta là do ta lựa chọn”, và tâm lý học Adler được gọi là “tâm lý học của lòng can đảm”.</p>\r\n\r\n<p>Bạn bất hạnh không phải do quá khứ và hoàn cảnh, càng không phải do thiếu năng lực. Bạn chỉ thiếu “can đảm” mà thôi. Nói một cách khác, bạn không đủ “can đảm để dám hạnh phúc”. […] Bởi can đảm để dám hạnh phúc bao gồm cả “can đảm để dám bị ghét” nữa. […] Chỉ khi dám bị người khác ghét bỏ, chúng ta mới có được tự do, có được hạnh phúc.</p>\r\n', '2021-05-11 03:39:43', 'Bạn bất hạnh không phải do quá khứ và hoàn cảnh, càng không phải do thiếu năng lực. Bạn chỉ thiếu “can đảm” mà thôi. Nói một cách khác, bạn không đủ “can đảm” để dám hạnh phúc.” […] Bởi can đảm để dám hạnh phúc bao gồm cả “can đảm để dám bị ghét” nữa. […] Chỉ khi dám bị người khác ghét bỏ, chúng ta mới có được tự do, có được hạnh phúc.', b'1', 'q0cT_dam_bi_ghet.jpg', b'1', b'0', '2021-07-03 10:20:08', 'Dám Bị Ghét', 65000, 7, 'dam-bi-ghet', 28);
INSERT INTO `books` VALUES (1006, 'Cao Minh', '<p>Hỡi những con người đang oằn mình trong cuộc sống, bạn biết gì về thế giới của mình? Là vô vàn thứ lý thuyết được các bậc vĩ nhân kiểm chứng, là luật lệ, là cả nghìn thứ sự thật bọc trong cái lốt hiển nhiên, hay những triết lý cứng nhắc của cuộc đời?</p>\r\n\r\n<p>Lại đây, vượt qua thứ nhận thức tẻ nhạt bị đóng kín bằng con mắt trần gian, khai mở toàn bộ suy nghĩ, để dòng máu trong bạn sục sôi trước những điều kỳ vĩ, phá vỡ mọi quy tắc. Thế giới sẽ gọi bạn là kẻ điên, nhưng vậy thì có sao? Ranh giới duy nhất giữa kẻ điên và thiên tài chẳng qua là một sợi chỉ mỏng manh: Thiên tài chứng minh được thế giới của mình, còn kẻ điên chưa kịp làm điều đó. Chọn trở thành một kẻ điên để vẫy vùng giữa nhân gian loạn thế hay khóa hết chúng lại, sống mãi một cuộc đời bình thường khiến bạn cảm thấy hạnh phúc hơn?</p>\r\n\r\n<p>Thiên tài bên trái, kẻ điên bên phải là cuốn sách dành cho những người điên rồ, những kẻ gây rối, những người chống đối, những mảnh ghép hình tròn trong những ô vuông không vừa vặn… những người nhìn mọi thứ khác biệt, không quan tâm đến quy tắc. Bạn có thể đồng ý, có thể phản đối, có thể vinh danh hay lăng mạ họ, nhưng điều duy nhất bạn không thể làm là phủ nhận sự tồn tại của họ. Đó là những người luôn tạo ra sự thay đổi trong khi hầu hết con người chỉ sống rập khuôn như một cái máy. Đa số đều nghĩ họ thật điên rồ nhưng nếu nhìn ở góc khác, ta lại thấy họ thiên tài. Bởi chỉ những người đủ điên nghĩ rằng họ có thể thay đổi thế giới mới là những người làm được điều đó.</p>\r\n', '2021-05-11 03:40:27', 'NẾU MỘT NGÀY ANH THẤY TÔI ĐIÊN, THỰC RA CHÍNH LÀ ANH ĐIÊN ĐẤY!', b'0', 'TxnB_thien_tai_ben_trai_ke_dien_ben_phai.jpg', b'1', b'0', '2021-07-03 10:21:08', 'Thiên Tài Bên Trái, Kẻ Điên Bên Phải', 124000, 7, 'thien-tai-ben-trai-ke-ien-ben-phai', 29);
INSERT INTO `books` VALUES (1007, 'Nguyễn Nhật Ánh', '<p>Mắt Biếc kể về cuộc đời của nhân vật chính tên Ngạn. Ngạn sinh ra và lớn lên ở một ngôi làng tên là Đo Đo. Lớn lên cùng với Ngạn là cô bạn hàng xóm có đôi mắt tuyệt đẹp tên là Hà Lan. Tuổi thơ của Ngạn và Hà Lan gắn bó với bao nhiêu kỉ niệm cùng đồi sim, đánh trống trường… Tình bạn trẻ thơ dần dần biến thành tình yêu thầm lặng của Ngạn dành cho Hà Lan. Đến khi lớn hơn một chút, cả hai phải rời làng ra thành phố để tiếp tục học. Khi tấm lòng của Ngạn luôn hướng về Hà Lan và về làng, thì Hà Lan không cưỡng lại được cám dỗ của cuộc sống xa hoa nơi đô thị và ngã vào vòng tay của Dũng.</p>\r\n\r\n<p>Việc Hà Lan ngã vào vòng tay Dũng – một thanh niên nhà giàu, sành điệu, giỏi võ nhưng rất thiếu đứng đắn – đã làm cho Ngạn đau khổ rất nhiều, nhưng điều Ngạn cần là hạnh phúc của Hà Lan. Mỗi khi Dũng làm Hà Lan tổn thương, cô lại tìm Ngạn để nói lên bầu tâm sự, điều đó lại càng làm cho Ngạn buồn thêm. Có lần Ngạn đã đánh nhau với Dũng vì Hà Lan và kết quả tất nhiên là Ngạn thua nhưng nó đã làm cho Ngạn bớt đi tính anh hùng, sẵn sàn đánh nhau mỗi khi Hà Lan bị bắt nạt. Và cũng từ đó những cảm xúc mỗi khi Hà Lan tìm đến Ngạn để giải bày niềm tâm sự giảm đi. Hà Lan mang thai, nhưng bị Dũng ruồng bỏ. Cô đành gửi con về cho bà ngoại chăm sóc và đặt tên là Trà Long. Tuy hiểu rõ tình yêu của Ngạn dành cho mình, Hà Lan vẫn không đáp lại vì cô hiểu rõ mình muốn sống theo một lối sống hoàn toàn khác với Ngạn.</p>\r\n\r\n<p>Bằng tình yêu của mình dành cho Hà Lan, Ngạn hết lòng yêu thương và chăm sóc cho Trà Long. Trà Long lớn lên trở thành cô giáo trường làng, và vô cùng yêu quí Ngạn. Trong khi ai cũng nghĩ rằng Trà Long sẽ là sự nối tiếp những gì mà Hà Lan đã bỏ dở trong đời Ngạn, thì Ngạn quyết định ra đi vì anh nghĩ rằng anh nhận ra rằng Trà Long chỉ là cái bóng của Hà Lan mà thôi.</p>\r\n\r\n<p>Một tác phẩm được nhiều người bình chọn là hay nhất của nhà văn này. Một tác phẩm đang được dịch và giới thiệu tại Nhật Bản (theo thông tin từ các báo)… Bởi sự trong sáng của một tình cảm, bởi cái kết thúc rất, rất buồn khi suốt câu chuyện vẫn là những điều vui, buồn lẫn lộn (cái kết thúc không như mong đợi của mọi người). Cũng bởi, mắt biếc… năm xưa nay đâu (theo lời một bài hát).</p>\r\n\r\n<p>Mắt biếc là một tác phẩm được nhiều người bình chọn là hay nhất của nhà văn Nguyễn Nhật Ánh. Tác phẩm này cũng đã được dịch giả Kato Sakae dịch sang tiếng Nhật để giới thiệu với độc giả Nhật Bản.</p>\r\n\r\n<p>“Tôi gửi tình yêu cho mùa hè, nhưng mùa hè không giữ nổi. Mùa hè chỉ biết ra hoa, phượng đỏ sân trường và tiếng ve nỉ non trong lá. Mùa hè ngây ngô, giống như tôi vậy. Nó chẳng làm được những điều tôi ký thác. Nó để Hà Lan đốt tôi, đốt rụi. Trái tim tôi cháy thành tro, rơi vãi trên đường về.”</p>\r\n\r\n<p>… Bởi sự trong sáng của một tình cảm, bởi cái kết thúc buồn, rất buồn khi xuyên suốt câu chuyện vẫn là những điều vui, buồn lẫn lộn…</p>\r\n', '2021-05-11 03:41:11', '“Mắt biếc’’ là câu chuyện về mối tình đơn phương dai dẳng giữa Ngạn và Hà Lan. Hai người bắt đầu bằng tình bạn ngây thơ trong sáng rồi dần dần tình cảm ấy lớn lên thành tình yêu nhưng tiếc là tình cảm ấy chỉ lớn lên trong Ngạn còn với Hà Lan, em đã sớm bỏ lại sau lưng làng Đo Đo- nơi cất giữ tuổi thơ của hai đứa, bỏ lại sau lưng những mùa hè râm ran tiếng ve, rực rỡ phượng thắm, bỏ lại Ngạn một mình cùng mối tình riêng, cùng những câu hát vu vơ không người nhắn gửi', b'0', 'ZaFf_mat_biec.jpg', b'1', b'0', '2021-07-03 10:21:52', 'Mắt Biếc', 156000, 4, 'mat-biec', 29);
INSERT INTO `books` VALUES (1008, 'Yuval Noah Harari', '<p>Những triển vọng đầy hứa hẹn của công nghệ sẽ được đưa ra bàn luận bên cạnh những hiểm họa như “đứt gãy” do công nghệ gây ra, việc kiểm soát thế giới bên trong dẫn tới sự sụp đổ của hệ thần kinh hay “tự do trong khuôn khổ”. Chính trị và tôn giáo có còn bắt tay nhau như trong quá khứ hay sẽ thao túng con người theo những cách riêng rẽ, mới mẻ hơn? Và những vấn đề toàn cầu ấy liên quan mật thiết tới hành vi và đạo đức của từng cá nhân riêng lẻ như thế nào? Xét cho cùng, những thách thức lớn nhất và những lựa chọn quan trọng nhất của ngày nay là gì? Ta cần chú ý đến điều gì? Ta nên dạy con cái ta những gì?</p>\r\n\r\n<p>“Cuộc khủng hoảng sinh thái đang lấp ló, mối đe dọa của các loại vũ khí hủy diệt hàng loạt […] và sự trỗi dậy của các công nghệ đột phá mới” là những nỗi lo không của riêng ai; và Harari sẽ đồng hành cùng bạn trên con đường bóc tách từng vấn đề một cách thấu đáo.</p>\r\n', '2021-05-11 03:41:36', 'Sau khi tìm hiểu quá khứ và tương lai của nhân loại qua hai cuốn sách gây tiếng vang là Sapiens và Homo deus, Yuval Noah Harari đi sâu vào các vấn đề “ngay tại đây” và “ngay lúc này”, tức các sự kiện hiện tại và tương lai gần nhất của xã hội loài người.', b'0', 'gDzr_21_bai_hoc_cho_the_ki_21.jpg', b'1', b'0', '2021-07-03 10:23:00', '21 Bài Học Cho Thế Kỉ 21', 134000, 3, '21-bai-hoc-cho-the-ki-21', 29);
INSERT INTO `books` VALUES (1009, 'Kulxsc', '<p>Từ cổ chí kim, con người ta sinh ra vốn đã một mình, có người bầu bạn thì tốt mà không có cũng chẳng sao.<br />\r\nAi cũng có thể tự kiếm tiền, tự lo cho bản thân, tự đứng dậy sau những vấp ngã. Buồn thì vui chơi với bạn bè, chán thì đi shopping, rảnh dỗi thì xem dăm ba bộ phim hài… biết bao thú vui có thể tự mình tận hưởng, không có người yêu thì đã làm sao?</p>\r\n\r\n<p>Nếu cả thế giới cho ta biết có người yêu hạnh phúc thế nào, ta cũng chẳng ngần ngại gì mà cho cả thế giới biết mình cô đơn vui vẻ ra làm sao.</p>\r\n\r\n<p>Cô đơn hay có người kề cạnh, cũng chỉ là một trạng thái. Ai cũng có lúc này, lúc kia. Và nếu như bạn đang cô đơn, thì đừng lo, bởi tình yêu luôn khó nói. Một ngày đẹp trời nọ, rất có thể nó sẽ ập vào đời bạn mà chẳng cần lý do.</p>\r\n\r\n<p>Tới lúc đó, bạn sẽ có cả hàng trăm việc để giải quyết, lo người yêu giận, nghĩ xem ngày kỷ niệm nên làm gì, đi hẹn hò thì ăn gì, mặc như thế nào… Chắc chắn lúc đó, bạn sẽ vô cùng bối rối và vô cùng lo lắng. Nhưng đó là chuyện của tương lai, còn bây giờ, bạn là người vô cùng tự do. Trong lúc đám bạn đang mải mê nghĩ cách dỗ dành người yêu thì bạn có thể đi bất cứ đâu, làm mọi việc mình thích và thả thính bất cứ ai mình muốn. Cô đơn cũng có nhiều điểm tốt đấy thôi !</p>\r\n\r\n<p>Vậy nên, thả lỏng và tận hưởng sự cô đơn đi nào. Vì chẳng ai thoát được tình yêu. Cho nên thi thoảng, cô đơn cũng là một phước lành ! Phải lòng với cô đơn chính là một cuốn sách mà ai cũng cần phải có dưới góc nhìn đầy mới mẻ và tươi trẻ của Kulzsc về sự cô đơn.</p>\r\n\r\n<p>Xóa tan cái định nghĩa cô đơn là nỗi buồn, Phải lòng với cô đơn là món quà dành tặng cho bất cứ ai vẫn đang một mình. Khi cô đơn, bạn hoàn toàn có thể tập trung để yêu thương chính mình, điều đó không phải tuyệt vời hay sao?</p>\r\n\r\n<p>Phải lòng với cô đơn mất rồi, nên cô đơn à, lại đây chơi! Chỉ là cô đơn thôi có gì đâu mà phải buồn, nhỉ. Vui lên nào vì bên cạnh chúng ta còn có sự cô đơn!</p>\r\n', '2021-05-11 03:42:17', 'Cô đơn ơi, lại đây chơi !', b'0', 'QoiC_phai_long_voi_co_don.jpg', b'1', b'0', '2021-07-03 10:23:45', 'Phải Lòng Với Cô Đơn', 99000, 1, 'phai-long-voi-co-on', 29);
INSERT INTO `books` VALUES (1010, 'Nguyễn Nhật Ánh', '<p>Viết về điều tốt đã không dễ, viết sao cho người đọc có thể đón nhận đầy cảm xúc tích cực, và muốn được hưởng, được làm những điều tốt dù nhỏ bé mới thật là khó. Làm bạn với bầu trời của Nguyễn Nhật Ánh đã làm được điều này.</p>\r\n\r\n<p>Như nhà văn từng phát biểu “điểm mạnh của văn chương nằm ở khả năng thẩm thấu. Bằng hình thức đặc thù của mình, văn chương góp phần mài sắc các ý niệm đạo đức nơi người đọc một cách vô hình. Bồi đắp tâm hồn và nhân cách một cách âm thầm và bền bỉ, đó là chức năng gốc rễ của văn chương, đặc biệt là văn chương viết cho thanh thiếu niên.”</p>\r\n', '2021-05-11 03:43:31', 'Một câu chuyện giản dị, chứa đầy bất ngờ cho tới trang cuối cùng. Vẻ đẹp lộng lẫy, vì lòng vị tha và tình yêu thương, khiến mắt rưng rưng vì một nỗi mừng vui hân hoan. Cuốn sách như một đốm lửa thắp lên lòng khát khao sống tốt trên đời.', b'0', '9Ix5_lam_ban_voi_bau_troi.jpg', b'1', b'0', '2021-07-03 10:24:12', 'Làm Bạn Với Bầu Trời', 166000, 2, 'lam-ban-voi-bau-troi', 29);
INSERT INTO `books` VALUES (1011, 'Jonathan Stroud', '<p><span style=\"color:rgb(64, 64, 64); font-family:lato,sans-serif; font-size:16px\">Vốn thích thể loại fantasy, Biển vô cùng Hài lòng vì “Cầu thang gào thét” là một quyển truyện rất rất hấp dẫn. Nếu chuyển thể thành phim thì Biển sẽ không dám xem vì biết trước nó khá đáng sợ, nhưng đọc sách thì không thấy sợ, tối vẫn ngủ ngon bình thường. Cuốn sách 355 trang được chia thành năm phần, sau phần đầu thì Biển có chút thắc mắc: chẳng lẽ quyển sách to dày như thế mà chỉ nói về một vụ trừ ma duy nhất. Nhưng không, tuy có một cốt truyện nhất quán xuyên suốt quyển sách nhưng các tình tiết&nbsp;</span><a class=\"st_tag internal_tag\" href=\"https://sachnhanam.com/tag/phat-trien/\" rel=\"tag\" style=\"box-sizing: inherit; color: rgb(52, 152, 219); text-decoration-line: none; font-family: Lato, sans-serif; font-size: 16px;\" title=\"Posts tagged with phát triển\">phát triển</a><span style=\"color:rgb(64, 64, 64); font-family:lato,sans-serif; font-size:16px\">&nbsp;theo hướng hoàn toàn bất ngờ, bối cảnh hành động thay đổi liên tục, đoạn sau sẽ giải thích cho đoạn trước, và không thiếu những yếu tố đánh đố óc phán đoán của người đọc.&nbsp;</span><a class=\"st_tag internal_tag\" href=\"https://sachnhanam.com/tag/tac-gia/\" rel=\"tag\" style=\"box-sizing: inherit; color: rgb(52, 152, 219); text-decoration-line: none; font-family: Lato, sans-serif; font-size: 16px;\" title=\"Posts tagged with tác giả\">Tác giả</a><span style=\"color:rgb(64, 64, 64); font-family:lato,sans-serif; font-size:16px\">&nbsp;Jonathan Stroud có bút lực vững chắc và lôi cuốn, khiến độc giả không muốn rời mắt đến khi đọc xong truyện. Thời gian thưởng thức sách cũng rất dễ chịu vì tuy “Cầu thang gào thét” to dày nhưng chỉ có một cuốn, cốt truyện tinh gọn không bị kéo dài mệt mỏi, (Biển không rõ có những tập tiếp theo không, nếu có thì Nhã Nam có dịch tiếp không). Trong lúc đọc, Biển thỉnh thoảng nhớ đến các bộ fantasy của nữ tác giả Cassandra Clare. Tuy những bộ sách của Clare đều từ 3~7 tập nhưng đọc vẫn lôi cuốn, mức độ yêu thích của Biển đối với truyện của hai tác giả này là ngang nhau.</span><br />\r\n<br />\r\n<span style=\"color:rgb(64, 64, 64); font-family:lato,sans-serif; font-size:16px\">“Những tiếng vọng ở đây không mạnh như trên dải ruy băng hay trên con dao, nó làm tôi nghĩ rằng chủ nhân của nó chưa chết – hoặc đã không chết trong khi đang đeo nó, theo bất cứ cách&nbsp;</span><a class=\"st_tag internal_tag\" href=\"https://sachnhanam.com/tag/nao/\" rel=\"tag\" style=\"box-sizing: inherit; color: rgb(52, 152, 219); text-decoration-line: none; font-family: Lato, sans-serif; font-size: 16px;\" title=\"Posts tagged with Nào\">nào</a><span style=\"color:rgb(64, 64, 64); font-family:lato,sans-serif; font-size:16px\">. Nhưng dù sao thì đã có cái chết gắn liền với nó. Rất nhiều cái chết. Và…nó không hề dễ chịu. Tôi đã nghe thấy tiếng ai đó cao giọng và..và gào thét…và… Đó là một thứ đê hèn. Tôi chẳng thể cầm nó được lâu. Tôi không biết nó là gì hay cậu kiếm được nó từ đâu, nhưng chẳng ai nên chạm vào thứ này, không bao giờ”.</span><br />\r\n<br />\r\n<span style=\"color:rgb(64, 64, 64); font-family:lato,sans-serif; font-size:16px\">Ba nhân vật trong “Cầu thang gào thét” được phân chia đất diễn đều nhau, tuy độc giả vẫn nhận ra ai là nam chính nữ chính nhưng đọc vẫn có cảm giác cân bằng, không ai bị&nbsp;</span><a class=\"st_tag internal_tag\" href=\"https://sachnhanam.com/tag/lu/\" rel=\"tag\" style=\"box-sizing: inherit; color: rgb(52, 152, 219); text-decoration-line: none; font-family: Lato, sans-serif; font-size: 16px;\" title=\"Posts tagged with lu\">lu</a><span style=\"color:rgb(64, 64, 64); font-family:lato,sans-serif; font-size:16px\">&nbsp;mờ. Độ tuổi của họ là 16~17 nhưng hành động và lời nói đều khá chín chắn (giống nhân vật trong các quyển truyện của Jonathan Auxier), tính cách dũng cảm không ấu trĩ, tuy vậy cũng không hề thiếu những đoạn đối thoại hơi hơi ngớ ngẩn và hài hước kể cả trong giây phút nguy hiểm tính mạng. Không có câu chữ nào rõ ràng về tình cảm của nam chính nữ chính nhưng các hint trong truyện cũng đủ khiến độc giả mơ mộng và hy vọng blah blah blah.</span><br />\r\n<br />\r\n<span style=\"color:rgb(64, 64, 64); font-family:lato,sans-serif; font-size:16px\">Đối với sách Nhã Nam, khoảng 10 cuốn thì có một cuốn Biển không thích – thường là do cốt truyện không hợp gu, nên Biển luôn trung thành và tự tin hiến máu cho Nhã Nam. Biển bắt đầu đọc “Cầu thang gào thét” khi đang rơi vào quãng thời gian chán sách, vì câu chuyện quá hay nên nó đã giúp con tim Biển vui trở lại. Càng vui hơn nữa khi giá bìa 145k nhưng Biển mua với giá 34k. Bìa sách đẹp, trình bày chỉn chu, dịch thuật tốt, nội dung hấp dẫn, tuy vậy còn một yếu tố về nam chính khiến Biển cho rằng có thể tác giả sẽ viết những tập tiếp theo. Cứ thường xuyên đọc được những quyển như thế này thì bảo đảm là Biển sẽ chẳng bao giờ thoát kiếp nghiện sách.</span></p>\r\n', '2021-05-11 03:44:07', 'Bối cảnh truyện có lẽ diễn ra vào đầu thế kỷ 20, khi tình trạng ma ám – tên gọi riêng là Vấn Đề – đang tác động lên toàn nước Anh. Các công ty thám tử săn lùng + tiêu diệt ma được thành lập và hoạt động năng nổ, với lượng nhân viên chính thức là trẻ con, vì trẻ con có năng lượng tinh sạch và khả năng phát hiện ma hiệu quả hơn người lớn. Khả năng này sẽ dần mất đi sau 20 tuổi. Công ty thám tử Lockwood & Đồng sự ở số 35 Portland Row gồm Anthony J. Lockwood, Lucy Joan Carlyle và George Cubbins là một công ty nhỏ, nhưng cả ba thành viên đều trẻ trung hoạt bát và tích cực làm việc. Mọi chuyện bắt đầu vào một buổi chiều mùa thu khi họ được yêu cầu đến trừ ma ở ngôi nhà số 62 đường Sheen, nơi có ông chồng đã ngã gãy cổ từ cầu thang.', b'0', 'j06A_cau_thang_gao_thet.jpg', b'1', b'0', '2021-07-03 10:28:54', 'Cầu Thang Gào Thét', 210000, 4, 'cau-thang-gao-thet', 30);
INSERT INTO `books` VALUES (1012, 'J.D. Barker', '<p>Với 4MK, tác giả J.D. Barker được đánh giá là thế hệ tiếp theo của Stephen King và Thomas Harris.</p>\r\n\r\n<p>Tên sách có vẻ gì khó hiểu, mang tính học thuật và toán học quá… thực chất để ý hình con Khỉ trang bìa thì đây là từ viết tắt của ‘The-4th-Monkey-Killer’ (con khỉ thứ 4 làm điều xấu…chưa hiểu lắm đúng không???), nếu dân văn phòng thì không xa lạ gì 4 bức hình nhân “chú tiểu”, chú thứ nhất: bịt tai – không nghe điều xấu, chứ thứ hai: bịt mắt – không thấy điều xấu, chú thứ ba: bịt miệng – không nói điều xấu, chú thứ tư: khoanh tay sau mông – không làm điều xấu… nhưng nguồn gốc thật sự thì bắt nguồn từ văn hóa Nhật Bản, bốn chú tiểu hiện hành bạn thấy trên bàn làm việc là tượng trưng cho bốn chú khỉ… và 4MK tượng trưng cho con khỉ thứ 4, và tất nhiên con khỉ này được hiện thực hóa trong khuông khổ…đã-làm-điều-xấu.</p>\r\n\r\n<p>Mình rất thích lối kể chuyện mở ra bằng một kết thúc, và trong tác phẩm này cũng vậy… một tai nạn xe buýt tình cờ đã tông chết kẻ thủ ác và kéo lê xác hắn tận 5m – kẻ đã thực hiện thành công các cuộc tra tấn về mặt thể xác lẫn tinh thần của bất kỳ nạn nhân nào hắn “vô tình” bắt được, tất nhiên là tài xế xe buýt vô can! Bằng bút pháp tả thực… từng chân tơ, kẻ tóc của nạn nhân được tác giả miêu tả đầy mang rợ, tạo cho người đọc cảm giác đang chứng kiến cái ác được diễn ra nhưng vô cùng câm lặng không thể thốt thành lời. Tên thủ ác lần lượt là cắt tai, cắt lưỡi, khoét mắt của nạn nhân và gửi từng bộ phận đấy về cho chính cha mẹ ruột của họ… trước khi phần còn lại của cái xác nằm gói gọn đâu đó bên mặt hồ tĩnh lặng hay công viên thanh vắng…</p>\r\n\r\n<p>Nếu các bạn đã đọc “Sự im lặng của bầy cừu” thì sẽ thấy quen thuộc với kiểu ra tay tàn ác của kẻ sát nhân nhưng (LƯU Ý: spoil sự im lặng của bầy cừu) Jeam Gumb giết nạn nhân xong mới lột từng tấm da lưng, thì trong căn phòng tối này 4MK tra tấn thể xác họ… ngay khi họ còn sống!!! Tất nhiên không có bất kỳ một cuộc dạo chơi hoặc thuật dẫn dắt tâm lý nào từ kẻ thủ ác trong 4MK (đỡ phải chịu cảm giác nhức nhói về mặt tâm lý so với đọc Sự Im lặng của bầy cừu!)</p>\r\n\r\n<p>Vẫn phong cách đặt vấn đề quen thuộc của mình… để một cuộc giết người diễn ra cần ba yếu tố “nguyên nhân – động cơ – mục đích”, thế nguyên nhân gì đã khiến 4MK thực hiện cuộc thanh trừng như một kẻ mộ điệu thực thi công lý, và tội ác của hắn hiễn nhiên thách thức các mật vụ điều tra liên bang suốt nữa thập kỳ để rồi một chiếc xe buýt vô tình cán chết hắn, tất nhiên là hắn vừa mới thực hiện thành công một ca “tùng xẻo tai của một bé gái mười sáu tuổi” và cái chết của hắn đặt ra một dấu chấm hỏi rất lớn… cái ác vẫn tiếp diễn cho dù kẻ thủ ác thật sự đã chết??? Không có bất kỳ dòng hồi tưởng nào của kẻ sát nhân, xin nhắc lại đây là bút pháp tả thực, không ảo mộng về quá khứ, không huyễn hoặc tự đặt mình vào vai kẻ sát nhân và tưởng tượng!</p>\r\n\r\n<p>Tuy nhiên kẻ thủ ác vẫn để lại cuốn nhật ký, và nội dung quyển nhật ký tuyệt đối không liên quan gì về cô gái mười sáu tuổi… cuốn nhật ký như một thái độ tự mãng, một lời thách thức đối với cục điều tra liên bang! Dưới nhận định của một trong các điều tra viên thì “hắn như muốn bất tử, dùng cái chết để trở nên vĩnh hằng”.</p>\r\n\r\n<p>Điều mình thật sự thích trong tác phẩm này là quá khứ và hiện thực được kể lại song song nhưng ngược lối, có những lúc mình chỉ muốn đọc liên tục nội dung cuốn nhật ký của kẻ sát nhân, để hiểu được nguyên nhân – động cơ – mục đích của cuộc thanh trừng này, và tất nhiên, bài toán không hề đơn giản như vậy, một lần nữa chính các độc giả cũng như các bạn sẽ bị lừa như chính các điều tra viên liên bang mà thôi!</p>\r\n\r\n<p>Cậu truyện trong nhật ký là gì, cô gái mười sáu tuổi rồi sẽ ra sao??? Tất cả đang chờ các bạn trong cuốn 4MK, và mình chốt hạ câu cuối, hiện thực tàn ác… không có chỗ cho cung đàn ảo mộng đâu, nên đừng đọc vài trang sách đã tự mãng đoán ra được cái kết! Nếu dễ dàng như vậy thì 4MK đã không đạt danh hiệu “Cuốn sách giành giải Audie năm 2018 cho thể loại Tiểu thuyết Kinh dị, gay cấn”!</p>\r\n', '2021-05-11 03:44:34', '“Nạn nhân đầu tiên, Calli T Hai ngày sau khi bị bắt cóc, gia đình Tremell nhận được tải con gái mình trong hòm thư. Hai ngày sau đó, họ nhận được đôi mắt của cô. Hai ngày tiếp theo, chiếc lưỡi của cô được chuyển đến. Thi thể của cô gái được tìm thấy tại công viên B Bàn tay cô nắm chặt một mẩu giấy nhỏ ghi KHÔNG LÀM ĐIỀU ÁC”', b'0', 'wmSR_4mk.jpg', b'1', b'0', '2021-07-03 10:30:12', '4MK', 323000, 8, '4mk', 30);
INSERT INTO `books` VALUES (1013, 'Osuichi', '<p>Mở đầu cuốn sách là câu chuyện về một người mẹ có hai đứa con gái sinh đôi. Kì lạ thay, bà chỉ yêu duy nhất một đứa còn đứa còn lại thì hành hạ không thương tiếc. Truyện thứ hai “Seven Rooms” kể về hai chị em bị bắt cóc đến bảy căn phòng và một tên sát nhân sẽ lần lượt giết người trong bảy căn phòng đấy. Có câu chuyện “Thơ của ánh dương” lại viết về một người máy được chế tạo ra phục vụ việc chôn cất cho người đã tạo ra mình. “Ngôi nhà trắng trong rừng sâu lạnh” lại kể về một cậu bé bị ngược đãi phải sống trong chuồng ngựa. Không chịu được cảnh khó khăn, cậu trốn thoát và chạy vào rừng sâu với quyết tâm xây một căn nhà chỉ toàn bằng xác người. Hay “Lời nguyền của chúa tể” kể về một chàng trai có thể nguyền rủa bất cứ ai, và cậu quyết định hủy diệt tất cả mọi người trên thế giới. Lại có câu chuyện hài hước trên cái nền u ám đấy – “Trên máy bay sắp rơi” khi nhân vật chính mua thuốc tự tử trước lúc máy bay rơi để không phải chịu cái chết đau đớn.</p>\r\n\r\n<p>Zoo đúng với tên gọi của nó. 11 câu chuyện khác nhau, 11 tính chất khác nhau, 11 sự kinh dị khác nhau. Nó giống như một sở thú với tạp nham đủ mọi loại người, mọi hành vi. Nhưng Zoo không phải một sở thú dành cho trẻ con, mà là một&nbsp;<span style=\"color:rgb(0, 0, 255); font-family:inherit\"><a href=\"https://waka.vn/the-loai/kinh-di-gregW.html\" style=\"box-sizing: border-box; -webkit-tap-highlight-color: transparent; text-decoration-line: none; overflow-wrap: break-word; border: 0px; font-family: inherit; font-style: inherit; font-weight: inherit; margin: 0px; outline: 0px; padding: 0px; vertical-align: baseline; cursor: pointer; color: rgb(0, 0, 255); word-break: normal; transition: all 0.15s ease-out 0s;\"><strong><em>tiểu thuyết kinh dị</em></strong></a>&nbsp;</span>dành cho người lớn. Chúng ta đi vòng quanh câu chuyện, chứng kiến, lắng nghe những “con thú” được nhốt ở đây đang gào thét, đang giở trò độc ác như thế nào.</p>\r\n', '2021-05-11 03:45:24', 'Zoo là cuốn tiểu thuyết kinh dị được viết bởi thiên tài Otsuichi. Cuốn sách gồm 11 truyện ngắn kinh dị khác nhau nhưng điểm chung của tất cả đều là sự u ám, đen tối đến tột cùng.', b'1', '8aqM_zoo.jpg', b'1', b'0', '2021-07-03 10:31:13', 'Zoo', 86000, 6, 'zoo', 30);
INSERT INTO `books` VALUES (1014, 'Ransom Riggs', '<p>Mồng 3 tháng 9 năm 1940.</p>\r\n\r\n<p>Vội vã nói lời tạm biệt hòn đảo từng là chốn náu thân yên ấm, mười đứa trẻ đặc biệt chạy trốn khỏi đám quái vật đang săn lùng mình. Chỉ có một người có thể giúp họ, cô phụ trách Peregrine, nhưng bà lại đang bị mắc kẹt trong hình dạng một con chim. Jacob Portman và bạn bè của cậu bắt đầu cuộc hành trình đầy bất trắc khó lường, hy vọng có thể tìm được người giúp cô phụ trách yêu quý trở lại dạng người. Nhưng nơi mà họ tìm đến, London năm 1940, đã là một thành phố tan hoang dưới tầm bom đạn, và những nguy hiểm chết người ẩn giấu mọi nơi, chưa kể thứ rùng rợn nhất: những xác sống, hồn rỗng. Với từng ấy thử thách, liệu đám trẻ có cứu được cô Peregrine?</p>\r\n\r\n<p>Là tập thứ 2 trong series “Trại trẻ đặc biệt của cô Peregrine”, Thành phố hồn rỗng tiếp nối một câu chuyện khiến độc giả mê hoặc. Như một nhà ảo thuật dày dạn, Ransom Rigg kết hợp văn phong hồi hộp với những bức ảnh minh họa kỳ lạ để củng cố bầu không khí ám ảnh của câu chuyện. Đáng sợ đến mức kinh ngạc nhưng cũng vô cùng cảm động, điểm đáng chỉ trích duy nhất của sách chính là nó buộc những độc giả cứ phải nôn nao khi kết thúc trang cuối – họ không muốn kìm lòng chờ đợi cho đến tập tiếp theo.</p>\r\n', '2021-05-11 03:46:01', '“Đó không phải là một con chim thật, thưa ông soát vé. Chúng cháu không bao giờ nghĩ tới việc vi phạm quy định như thế. Đây là món đồ chơi ưa thích của chị gái cháu, ông thấy đấy, và chị ấy nghĩ ông muốn lấy mất nó.” Cô xoắn hai bàn tay cầu khẩn đầy khổ sở. “Ông sẽ không lấy đi món đồ chơi ưa thích của một đứa trẻ chứ, phải không ông?”', b'0', 'muyu_thanh_pho_hon_rong.jpg', b'1', b'0', '2021-07-03 10:34:58', 'Thành phố hồn rỗng', 79000, 10, 'thanh-pho-hon-rong', 30);
INSERT INTO `books` VALUES (1015, 'Lôi Mễ', '<p>Trong thành phố C liên tiếp xảy ra 4 vụ cưỡng hiếp giết người, nạn nhân đều là những cô gái trí thức từ 25 – 35 tuổi, đây rốt cuộc là giết người trả thù hay đơn giản là cưỡng dâm?</p>\r\n\r\n<p>Hàng loạt cái chết bí ẩn thảm khốc của những người sống trong trường Đại học J liên tiếp xảy ra. Ở hiện trường vụ án, hung thủ đều để lại gợi ý cho vụ án tiếp theo, nhằm gợi ý gì?</p>\r\n\r\n<p>Trong hàng loạt các vụ án ly kỳ khiến cảnh sát bàng hoàng bó tay, Phương Mộc trầm mặc kiệm lời đột nhiên bị cảnh sát lôi vào cuộc. Tên ác quỷ giấu mặt lần lượt giết hại những người bạn của cậu, vì sao? Khi câu trả lời được vén màn bí mật, thì đề thi tàn khốc đã bị tích 5 dấu X đẫm máu.</p>\r\n\r\n<p>Một cuộc đấu trí so tài khốc liệt đầy kịch tính nổ Ai sẽ là người thắng cuộc?</p>\r\n\r\n<p>Đây là tác phẩm trinh thám được nhiều người biết đến nhất của Lôi Mễ – sĩ quan cảnh sát cấp phòng (sở) giảng dạy bộ môn Hình pháp học tại một trường cảnh sát trực thuộc Bộ Công an Trung Quốc, đồng thời cũng là một tác giả truyện trinh thám nổi tiếng. Truyện của Lôi Mễ luôn có sức hấp dẫn đặc biệt đối với độc giả bởi ngòi bút sắt bén với những tình tiết ly kì, lôi cuốn đến trang cuối cùng.</p>\r\n', '2021-05-11 03:46:40', 'Một tên sát thủ có sở thích uống chất hỗn hợp máu nạn nhân với sữa tươi, hắn có căn bệnh gì đặc biệt hay là con quỷ hút máu bất tử nghìn năm trong truyền thuyết?\r\n\r\n', b'0', 'G653_de_thi_dam_mau.jpg', b'1', b'0', '2021-07-03 10:35:42', 'Đề Thi Đẫm Máu', 150000, 15, 'e-thi-am-mau', 30);
INSERT INTO `books` VALUES (1016, 'Phạm Thị Thanh Thảo', 'Bên cạnh đó, Cấu trúc trong mỗi chủ đề gồm có: - Lý thuyết cơ bản - Các ví dụ minh họa - Bài tập ôn luyện theo từng bài - Hai đề thi thử chọn lọc kèm đáp án chi tiết kèm theo nhiều tài liệu và đề thi khác được gửi trong quá trình ôn luyện. Đặc biệt, các ô STUDY TIP, CHÚ Ý, NHẬN XÉT là những vấn đề cần lưu ý mà bạn đọc nên ghi nhớ để áp dụng trong kì thi. Ngoài ra, chúng tôi cũng cung cấp một số bài nâng cao cho các học sinh khá giỏi ôn luyện. Chúng tôi tin tưởng rằng cuốn sách “Công Phá Lí Thuyết Sinh” sẽ là tài liệu thiết thực và bổ ích cho các em học sinh đang chuẩn bị cho kỳ thi THPT Quốc gia cũng như đang học môn Sinh', '2021-05-11 03:47:26', 'Toàn bộ những nội dung lí thuyết, câu hỏi cần thiết trong lớp 10, lớp 11 và lớp 12 có thể xuất hiện trong đề của BGD 2019, 2020 đều được chúng tôi cập nhật đầy đủ. Đem đến cho các em bứt tranh tổng thể về Lý Thuyết Sinh, tối ưu cho việc học của em nhất. Chinh phục toàn bộ kiến thức lớp 10 - 11 - 12 chỉ trong một cuốn sách “Kinh điển”\r\n\r\n', b'0', 'RGXd_cong_pha_ly_thuyet_sinh.jpg', b'1', b'0', '2021-05-11 03:47:26', 'Công Phá Lý Thuyết Sinh', 144000, 5, 'cong-pha-ly-thuyet-sinh', 31);
INSERT INTO `books` VALUES (1017, 'Trần Phương Duy', 'Bên cạnh đó, Cấu trúc trong mỗi chủ đề gồm có: - Lý thuyết cơ bản - Các ví dụ minh họa - Bài tập ôn luyện theo từng bài - Hai đề thi thử chọn lọc kèm đáp án chi tiết kèm theo nhiều tài liệu và đề thi khác được gửi trong quá trình ôn luyện. Đặc biệt, các ô STUDY TIP, CHÚ Ý, NHẬN XÉT là những vấn đề cần lưu ý mà bạn đọc nên ghi nhớ để áp dụng trong kì thi. Ngoài ra, chúng tôi cũng cung cấp một số bài nâng cao cho các học sinh khá giỏi ôn luyện. Chúng tôi tin tưởng rằng cuốn sách “Công Phá Lí Thuyết Sinh” sẽ là tài liệu thiết thực và bổ ích cho các em học sinh đang chuẩn bị cho kỳ thi THPT Quốc gia cũng như đang học môn Sinh', '2021-05-11 03:47:48', 'Toàn bộ những nội dung lí thuyết, câu hỏi cần thiết trong lớp 10, lớp 11 và lớp 12 có thể xuất hiện trong đề của BGD 2019, 2020 đều được chúng tôi cập nhật đầy đủ. Đem đến cho các em bứt tranh tổng thể về Lý Thuyết Sinh, tối ưu cho việc học của em nhất. Chinh phục toàn bộ kiến thức lớp 10 - 11 - 12 chỉ trong một cuốn sách “Kinh điển”\r\n\r\n', b'0', 'JHmd_cong_pha_ly_thuyet_hoa.jpg', b'1', b'0', '2021-06-29 23:28:33', 'Công Phá Lý Thuyết Hóa', 211000, 9, 'cong-pha-ly-thuyet-hoa', 31);
INSERT INTO `books` VALUES (1018, 'Nhiều Tác Giả', 'Bên cạnh đó, Cấu trúc trong mỗi chủ đề gồm có: - Lý thuyết cơ bản - Các ví dụ minh họa - Bài tập ôn luyện theo từng bài - Hai đề thi thử chọn lọc kèm đáp án chi tiết kèm theo nhiều tài liệu và đề thi khác được gửi trong quá trình ôn luyện. Đặc biệt, các ô STUDY TIP, CHÚ Ý, NHẬN XÉT là những vấn đề cần lưu ý mà bạn đọc nên ghi nhớ để áp dụng trong kì thi. Ngoài ra, chúng tôi cũng cung cấp một số bài nâng cao cho các học sinh khá giỏi ôn luyện. Chúng tôi tin tưởng rằng cuốn sách “Công Phá Lí Thuyết Sinh” sẽ là tài liệu thiết thực và bổ ích cho các em học sinh đang chuẩn bị cho kỳ thi THPT Quốc gia cũng như đang học môn Sinh', '2021-05-11 03:48:31', 'Toàn bộ những nội dung lí thuyết, câu hỏi cần thiết trong lớp 10, lớp 11 và lớp 12 có thể xuất hiện trong đề của BGD 2019, 2020 đều được chúng tôi cập nhật đầy đủ. Đem đến cho các em bứt tranh tổng thể về Lý Thuyết Sinh, tối ưu cho việc học của em nhất. Chinh phục toàn bộ kiến thức lớp 10 - 11 - 12 chỉ trong một cuốn sách “Kinh điển”\r\n\r\n', b'0', '9P90_cong_pha_toan_2.jpg', b'1', b'0', '2021-05-11 03:48:31', 'Công Phá Toán 2', 163000, 7, 'cong-pha-toan-2', 31);
INSERT INTO `books` VALUES (1019, 'Tăng Tuân Hải', 'Bên cạnh đó, Cấu trúc trong mỗi chủ đề gồm có: - Lý thuyết cơ bản - Các ví dụ minh họa - Bài tập ôn luyện theo từng bài - Hai đề thi thử chọn lọc kèm đáp án chi tiết kèm theo nhiều tài liệu và đề thi khác được gửi trong quá trình ôn luyện. Đặc biệt, các ô STUDY TIP, CHÚ Ý, NHẬN XÉT là những vấn đề cần lưu ý mà bạn đọc nên ghi nhớ để áp dụng trong kì thi. Ngoài ra, chúng tôi cũng cung cấp một số bài nâng cao cho các học sinh khá giỏi ôn luyện. Chúng tôi tin tưởng rằng cuốn sách “Công Phá Lí Thuyết Sinh” sẽ là tài liệu thiết thực và bổ ích cho các em học sinh đang chuẩn bị cho kỳ thi THPT Quốc gia cũng như đang học môn Sinh', '2021-05-11 03:48:59', 'Toàn bộ những nội dung lí thuyết, câu hỏi cần thiết trong lớp 10, lớp 11 và lớp 12 có thể xuất hiện trong đề của BGD 2019, 2020 đều được chúng tôi cập nhật đầy đủ. Đem đến cho các em bứt tranh tổng thể về Lý Thuyết Sinh, tối ưu cho việc học của em nhất. Chinh phục toàn bộ kiến thức lớp 10 - 11 - 12 chỉ trong một cuốn sách “Kinh điển”\r\n\r\n', b'0', 'cgQp_cong_pha_vat_ly_2.jpg', b'1', b'0', '2021-05-11 03:48:59', 'Công Phá Vật Lý 2', 59000, 8, 'cong-pha-vat-ly-2', 31);
INSERT INTO `books` VALUES (1020, 'Lương Văn Thủy', 'Bên cạnh đó, Cấu trúc trong mỗi chủ đề gồm có: - Lý thuyết cơ bản - Các ví dụ minh họa - Bài tập ôn luyện theo từng bài - Hai đề thi thử chọn lọc kèm đáp án chi tiết kèm theo nhiều tài liệu và đề thi khác được gửi trong quá trình ôn luyện. Đặc biệt, các ô STUDY TIP, CHÚ Ý, NHẬN XÉT là những vấn đề cần lưu ý mà bạn đọc nên ghi nhớ để áp dụng trong kì thi. Ngoài ra, chúng tôi cũng cung cấp một số bài nâng cao cho các học sinh khá giỏi ôn luyện. Chúng tôi tin tưởng rằng cuốn sách “Công Phá Lí Thuyết Sinh” sẽ là tài liệu thiết thực và bổ ích cho các em học sinh đang chuẩn bị cho kỳ thi THPT Quốc gia cũng như đang học môn Sinh', '2021-05-11 03:49:31', 'Toàn bộ những nội dung lí thuyết, câu hỏi cần thiết trong lớp 10, lớp 11 và lớp 12 có thể xuất hiện trong đề của BGD 2019, 2020 đều được chúng tôi cập nhật đầy đủ. Đem đến cho các em bứt tranh tổng thể về Lý Thuyết Sinh, tối ưu cho việc học của em nhất. Chinh phục toàn bộ kiến thức lớp 10 - 11 - 12 chỉ trong một cuốn sách “Kinh điển”\r\n\r\n', b'0', 'hcjW_cong_pha_tieng_anh_3.jpg', b'1', b'0', '2021-05-11 03:49:31', 'Công Phá Tiếng Anh 3', 89000, 6, 'cong-pha-tieng-anh-3', 31);
INSERT INTO `books` VALUES (1021, 'Trương Văn Giới', '', '2021-05-11 03:50:23', 'Từ điển là một cuốn sách không thể thiếu đối với những người có nhu cầu học tiếng Anh. Giúp người học dễ dàng tìm ra nghĩa cũng như cách sử dụng của bất kỳ một từ tiếng Anh nào, đồng thời phát triển các kỹ năng như ngữ pháp, từ vựng và cách phát ẩm chuẩn', b'0', '1OtB_tu_dien_han_viet.jpg', b'1', b'0', '2021-05-11 03:50:23', 'Từ Điển Hán Việt', 70000, 3, 'tu-dien-han-viet', 32);
INSERT INTO `books` VALUES (1022, 'Nguyễn Văn Khang', '', '2021-05-11 03:50:51', 'Từ điển là một cuốn sách không thể thiếu đối với những người có nhu cầu học tiếng Anh. Giúp người học dễ dàng tìm ra nghĩa cũng như cách sử dụng của bất kỳ một từ tiếng Anh nào, đồng thời phát triển các kỹ năng như ngữ pháp, từ vựng và cách phát ẩm chuẩn', b'1', 'lodb_tu_dien_nhat_viet.jpg', b'1', b'0', '2021-05-11 03:50:51', 'Từ Điển Nhật - Việt', 88000, 4, 'tu-dien-nhat-viet', 32);
INSERT INTO `books` VALUES (1023, 'Nguyễn Quốc Hùng M.A', '', '2021-05-11 03:51:19', 'Từ điển là một cuốn sách không thể thiếu đối với những người có nhu cầu học tiếng Anh. Giúp người học dễ dàng tìm ra nghĩa cũng như cách sử dụng của bất kỳ một từ tiếng Anh nào, đồng thời phát triển các kỹ năng như ngữ pháp, từ vựng và cách phát ẩm chuẩn', b'0', 'egyA_tu_dien_tieng_anh_thuong_mai.jpg', b'1', b'0', '2021-05-12 02:03:23', 'Từ Điển Tiếng Anh Thương Mại', 92000, 3, 'tu-dien-tieng-anh-thuong-mai', 32);
INSERT INTO `books` VALUES (1024, 'Nguyễn Kim Thán', '', '2021-05-11 03:51:51', 'Từ điển là một cuốn sách không thể thiếu đối với những người có nhu cầu học tiếng Anh. Giúp người học dễ dàng tìm ra nghĩa cũng như cách sử dụng của bất kỳ một từ tiếng Anh nào, đồng thời phát triển các kỹ năng như ngữ pháp, từ vựng và cách phát ẩm chuẩn', b'0', 'obua_tu_dien_tieng_viet.jpg', b'1', b'0', '2021-05-11 03:51:51', 'Từ Điển Tiếng Việt', 109000, 10, 'tu-dien-tieng-viet', 32);
INSERT INTO `books` VALUES (1025, 'PGS. Tiến sĩ Nguyễn Trọng Báu', '', '2021-05-11 03:52:15', 'Từ điển là một cuốn sách không thể thiếu đối với những người có nhu cầu học tiếng Anh. Giúp người học dễ dàng tìm ra nghĩa cũng như cách sử dụng của bất kỳ một từ tiếng Anh nào, đồng thời phát triển các kỹ năng như ngữ pháp, từ vựng và cách phát ẩm chuẩn', b'0', 'jTVV_tu-dien-nga-viet.jpg', b'1', b'0', '2021-05-11 03:52:15', 'Từ Điển Nga - Việt', 49000, 8, 'tu-dien-nga-viet', 32);
INSERT INTO `books` VALUES (1026, 'Vương Chi Cương', '<p style=\"text-align:justify\">Một cậu bé 10 tuổi quyết định học môn võ Judo cho dù cánh tay trái của cậu đã mất trong một tai nạn xe hơi. Cậu theo học Judo với một võ sư Nhật.</p>\r\n\r\n<p style=\"text-align:justify\">Vì tin rằng mình đã học tập rất chuyên cần và sự tiến bộ nên cậu vô cùng thắc mắc tại sao sau ba tháng tập luyên mà thầy chỉ dạy cho mình mỗi một thế võ duy nhất. Cuối cùng, không kiên nhẫn nổi nữa, cậu bé hỏi thầy:<br />\r\n-Thưa thầy, chẳng lẽ con không thể học được các thế võ khác sao?<br />\r\nÔng trả lời:<br />\r\n– Đây là thế võ duy nhất thầy dạy cho con, cũng chính đó là thế võ duy nhất mà con cần phải học.<br />\r\nTuy không hiểu hết lời thầy nhưng tin tưởng ở nơi thầy, cậu bé tiếp tục tập luyện.</p>\r\n\r\n<p style=\"text-align:justify\">Nhiều tháng sau, võ sư dẫn cậu bé đến tham dự một cuộc thi judo. Cậu bé rất ngạc nhiên khi thấy mình thắng dễ dàng trong hai trận đầu. Trận thứ ba khó khăn hơn nhưng sau một hồi, đối phương mất kiên nhẫn trong các đòn tấn công, cậu bé đã khéo léo sử dụng thế võ và chiến thắng. Vẫn chưa hết ngạc nhiên vì thành công của mình, cậu tự tin bước vào trận chung kết.</p>\r\n', '2021-05-11 03:54:09', 'Một cậu bé 10 tuổi quyết định học môn võ Judo cho dù cánh tay trái của cậu đã mất trong một tai nạn xe hơi. Cậu theo học Judo với một võ sư Nhật.\r\n\r\n', b'0', 'UPBw_bien_nhuoc_diem_thanh_uu_diem.jpg', b'1', b'0', '2021-07-03 10:53:40', 'Biến Nhược Điểm Thành Ưu Điểm', 64000, 11, 'bien-nhuoc-iem-thanh-uu-iem', 33);
INSERT INTO `books` VALUES (1027, 'Steward Blackbum', '', '2021-05-11 03:54:41', 'Mỗi chúng ta chỉ có một cuộc đời để sống và sống hạnh phúc chính là cái đích mà tất cả mọi người đều vươn đến. Vậy liệu bạn đã cảm thấy sống hạnh phúc chưa? Thật ra, hạnh phúc không là gì quá xa xôi mà bạn không thể đạt tới được, chỉ cần một chút tinh ý và những kỹ năng cần thiết. Những Kỹ Năng Để Sống Hạnh Phúc sẽ giúp bạn có câu trả lời cho vấn đề này. Cuốn sách được tác giả viết bằng kinh nghiệm sống dày dặn của bản thân, đưa ra nhiều đề nghị để cuộc sống của bạn trở nên tốt đẹp hơn. Bạn có thể vừa thực hiện mọi điều vừa có thể sống trọn vẹn cuộc sống tươi vui và tràn đầy năng lượng. Đó sẽ là những bài học mà bạn có thể học hỏi để nắm quyền làm chủ cuộc sống của chính mình và khiến cuộc sống thêm hạnh phúc hơn.\r\n\r\n', b'0', 'vj8g_nhung_ky_nang_song_de_hanh_phuc.jpg', b'1', b'0', '2021-07-03 10:54:43', 'Những Kỹ Năng Sống Để Hạnh Phúc', 62000, 12, 'nhung-ky-nang-song-e-hanh-phuc', 33);
INSERT INTO `books` VALUES (1028, 'Richard Nichollas', '<p><span style=\"color:rgb(34, 34, 34); font-family:consolas,lucida console,courier new,monospace; font-size:12px\">“Cân bằng cảm xúc, cả lúc bão giông” là một cuốn sách đáng trải nghiệm. Nó thích hợp với mọi người đặc biệt là những người cảm thấy bế tắc trong việc xử lý sự nóng tính của bản thân. Một cuốn sách chủ yếu nói về “hạnh phúc” dưới góc nhìn khoa học logic và cụ thể với nhiều dẫn chứng sinh động. Một số nội dung hay của cuốn sách đề cập đến như Tâm lý đồng tiền (Tiền có mua được hạnh phúc? Sở hữu bao nhiêu tiền thì mới hạnh phúc?), sự kết nối giữa cơ thể và tâm hồn, tâm lý thích sự hoàn hảo, sợ thất bại… Và những cách giúp con người đi tìm hạnh phúc trong cuộc sống. Cuốn sách còn đặc biệt ở chỗ là tác giả đi một chút vào tâm lý học giúp độc giả có thể dễ tiếp nhận được bản chất của con người</span></p>\r\n', '2021-05-11 03:55:21', 'Cuốn sách “Cân bằng cảm xúc, cả lúc bão giông” được phát hành bản phiên âm tiếng Việt Nam vào tháng 4 năm 2019, thuộc thể loại sách kỹ năng. Đến với cuốn sách, bạn sẽ được tác giả chia sẻ những kiến thức khoa học liên quan đến bộ não của con người, cách kiểm soát suy nghĩ và cảm xúc theo liệu pháp Nhận thức – Hành vi, từ đó dẫn bạn tới “hạnh phúc mãi mãi về sau”. Qua từng trang sách, với văn phong hóm hỉnh tác giả sẽ phần nào giúp bạn tìm ra được định nghĩa hạnh phúc cho riêng mình.', b'0', 'zUgC_can_bang_cam_xuc.jpg', b'1', b'0', '2021-07-03 10:55:59', 'Cân Bằng Cảm Xúc, Cả Lúc Bão Giông', 127000, 6, 'can-bang-cam-xuc-ca-luc-bao-giong', 33);
INSERT INTO `books` VALUES (1029, 'Dale Camegie', '<p style=\"text-align:justify\"><span style=\"color:rgb(0, 0, 0); font-family:arial,helvetica,sans-serif; font-size:12pt\">Cần phải hiểu biết và quan tâm đến những mọi người xung quanh. Chỉ như vậy bạn mới có thể nhìn ra và khơi gợi được những tiềm năng ẩn khuất ở nơi họ.</span></p>\r\n\r\n<p style=\"text-align:justify\"><span style=\"color:rgb(0, 0, 0); font-family:arial,helvetica,sans-serif; font-size:12pt\">Từ đó, giúp họ phát triển lên một tầm cao mới. Đây một trong những nghệ thuật cao nhất về con người. Đó mang ý nghĩa sâu sắc nhất và được đúc kết từ những nguyên tắc vàng của tác giả Dale Carnegie. Cùng theo dõi nội dung của cuốn sách Đắc Nhân Tâm ngay dưới đây để hiểu hơn về cuốn sách này nhé!</span></p>\r\n', '2021-05-11 03:55:54', 'Cuốn sách Đắc Nhân Tâm của tác giả Dale Carnegie. Đây là cuốn sách duy nhất về thể loại self-help và liên tục đứng đầu danh mục sách bán chạy nhất do tờ báo The New York Times bình chọn suốt 10 năm liền. Cuốn sách đầu tiên và hay nhất mọi thời đại. Chúng có ảnh hưởng làm thay đổi cuộc đời của hàng triệu người trên thế giới.\r\n\r\n', b'0', 'DiW8_dac_nhan_tam.jpg', b'1', b'0', '2021-07-03 10:56:29', 'Đắc Nhân Tâm', 67000, 5, 'ac-nhan-tam', 33);
INSERT INTO `books` VALUES (1030, 'Vãn Tình', '<p><strong>Bạn đắt giá bao nhiêu&nbsp;</strong>đã thay đổi tư duy của hàng triệu người phụ nữ Trung Quốc. Nếu bạn đang tìm kiếm giá trị của bản thân thì hãy đọc cuốn sách này, Vãn Tình sẽ cho bạn một câu trả lời mà bạn cất công tìm kiếm bấy lâu nay.</p>\r\n\r\n<p>Những câu chuyện xoay quanh chúng ta cùng với các ví dụ cụ thể trong cuộc sống được Tác giả thể hiện rõ trên từng trang sách, nó truyền nguồn cảm hứng mạnh mẽ đến phái nữ, cuốn sách này sẽ phù hợp với các bạn nữ, hãy cùng cảm nhận năng lượng tích cực mà tác giả đem đến cho chúng ta nhé!</p>\r\n\r\n<p>Cuốn sách bao gồm 43 câu chuyện xung quanh các vấn đề chúng ta thường gặp trong cuộc sống như tình yêu, hôn nhân, sự nghiệp,… thật dễ dàng để mỗi người áp dụng vào chính cuộc sống của mình. Cuốn sách hướng bạn đọc đến những điều tích cực, giá trị của bản thân bạn phải do bạn “định giá”, nếu không thể khẳng định được giá trị của bản thân thì bạn khó có thể lấy được sự tin tưởng cũng như tôn trọng của mọi người.</p>\r\n', '2021-05-11 03:56:19', '“Bạn đắt giá bao nhiêu” là những câu chuyện gần gũi cuộc sống đời thường mà ai trong chúng ta khi đọc cuốn sách này đều thấy chính mình trong đó. Vãn Tình dạy chúng ta trở thành cô gái độc lập và mạnh mẽ. Hãy đọc và cảm nhận nhé!\r\n\r\n', b'0', 'AQc0_ban_dat_gia_bao_nhieu.jpg', b'1', b'0', '2021-07-03 10:57:05', 'Bạn Đắt Giá Bao Nhiêu?', 83000, 12, 'ban-at-gia-bao-nhieu', 33);
INSERT INTO `books` VALUES (1031, 'Nhiều Tác Gỉa', '<p>Việc phát hiện bản in xưa nhất của bộ Đại Việt Sử Ký Toàn Thư, bản Nội các quan bản, năm Chính Hòa thứ 18, tức năm 1697 có một ý nghĩa đặc biệt. Bộ sách đã được ra mắt bạn đọc vào những năm 90 của thế kỷ trước và từng được tái bản trong những năm gần đây.</p>\r\n\r\n<p>&nbsp;</p>\r\n', '2021-05-11 03:56:48', 'Đại Việt Sử Ký Toàn Thư là bộ quốc sử danh tiếng, một di sản quý báu của dân tộc Việt Nam nghìn năm văn hiến. Đó là bộ sử cái, có giá trị nhiều mặt, gắn liền với tên tuổi các nhà sử học nổi tiếng như Lê Văn Hưu, Phan Phu Tiên, Ngô Sĩ Liên, Phạm Công Trứ, Lê Hy…', b'0', 'O2FJ_dai_viet_su_ki_toan_thu.jpg', b'1', b'0', '2021-07-03 10:58:13', 'Đại Việt Sử Ký Toàn Thư', 233000, 5, 'ai-viet-su-ky-toan-thu', 34);
INSERT INTO `books` VALUES (1032, 'Paul Johnson', '<p>Lịch sử Do Thái là một trong những cuốn sách tạo nên tên tuổi của Paul Johnson, vị sử gia hàng đầu Anh quốc, bên cạnh những tác phẩm nổi tiếng khác của ông hư: Modern Times, A History of Christianity… Công trình này xuất bản lần đầu tại Anh năm 1987, được dịch ra nhiều thứ tiếng khác nhau và được độc giả khắp các châu lục đón nhận.&nbsp;</p>\r\n\r\n<p>Ông chia sẻ bốn lý do tại sao lại viết cuốn sách này. Lý do thứ nhất đơn thuần là tò mò. Khi viết cuốn History of Christianity (Lịch sử Kitô giáo), lần đầu tiên trong đời ông mới hiểu Kitô giáo nợ Do Thái giáo nhiều đến mức nào.</p>\r\n\r\n<p>Lý do thứ hai là sự thú vị mà ông tìm thấy trong suốt chiều dài lịch sử Do Thái. Từ thời Abraham tới nay là phần hay nhất trong bốn thiên niên kỷ. Nó dài hơn ba phần tư toàn bộ lịch sử nền văn minh nhân loại.&nbsp;</p>\r\n\r\n<p>Lý do thứ ba là lịch sử Do Thái không chỉ bao trùm khoảng thời gian rất dài, mà còn trên nhiều lĩnh vực. Người Do Thái đã thâm nhập vào nhiều xã hội và để lại dấu ấn của mình ở tất cả các xã hội đó. Viết sử về người Do Thái gần giống như viết sử về thế giới, nhưng từ một góc nhìn rất đặc trưng. Nó là lịch sử thế giới nhìn từ quan điểm của một nạn nhân có học và thông minh.</p>\r\n\r\n<p>Cuối cùng, cuốn sách này cho ông cơ hội để xem xét lại một cách khách quan, nhờ vào một nghiên cứu bao trùm gần 4.000 năm, câu hỏi nan giải nhất trong mọi câu hỏi của loài người: Chúng ta sống trên đời vì điều gì? Liệu lịch sử chỉ đơn giản là một chuỗi các sự kiện mà tổng của chúng là vô nghĩa? Liệu có sự khác biệt đạo đức cơ bản nào giữa lịch sử loài người và lịch sử loài kiến chẳng hạn? Hay liệu có một kế hoạch may mắn nào đó mà dù có khiêm tốn đến đâu thì chúng ta vẫn cứ là tác nhân? Xưa nay chưa có dân tộc nào kiên định hơn người Do Thái khi cho rằng lịch sử có tính mục đích và nhân loại thì có vận mệnh.&nbsp;</p>\r\n\r\n<p>Theo quan điểm của Paul Johnson, thế giới có xu hướng coi người Do Thái là một chủng tộc tự trị thời cổ đại và ghi chép lại về mình trong Kinh Thánh, sau đó lui vào hậu trường trong nhiều thế kỷ; tái xuất chỉ để hứng chịu cuộc thảm sát tàn khốc của Đức Quốc xã; và cuối cùng, trở về nơi chốn khởi đầu để lập lại quốc gia của riêng mình: một quốc gia với chủ quyền gây tranh cãi và bị bao vây. Đó là những sự kiện nổi bật mà thông qua Lịch sử Do Thái, Paul Johnson muốn kết nối chúng lại với nhau để khám phá những gì còn khiếm khuyết, nghiên cứu rồi ghép chúng vào trong một tổng thể để có thể hiểu được tất cả.&nbsp;</p>\r\n\r\n<p>Paul Johnson xem cuốn sách của mình là một sự giải thích mang tính cá nhân về lịch sử Do Thái, nên bố cục, cách phân kỳ lịch sử cũng mang nhiều nét khác biệt. Lịch sử hơn bốn ngàn năm của dân tộc Do Thái với những thuộc tính, đặc trưng được ông chia thành bảy phần chính, không có thêm bất kỳ một tiểu mục nào khác. Các sự kiện lịch sử trong mỗi phần không liệt kê một cách khô khan mà được kết nối với nhau thành chuỗi những câu chuyện sống động đầy mê hoặc. Để giúp bạn đọc dễ dàng hơn trong việc tiếp cận với nội dung, tác giả đã bổ sung thêm các tiểu mục trong Phụ lục và hệ thống Từ vựng, nguồn tài liệu phong phú ở cuối sách.&nbsp;</p>\r\n\r\n<p>Ấn bản tiếng Việt Lịch sử Do Thái của tác giả Paul Johnson, dịch giả Đặng Việt Vinh là cuốn sách mới nhất nằm trong Tủ sách Israel và dân tộc Do Thái. Trong tủ sách này còn có các tác phẩm: Câu chuyện Do Thái, Con đường thoát hạn, Miền đất hứa của tôi, Từ Beirut đến Jerusalem, đã được ra mắt công chúng và nhận được sự hoan nghênh cũng như những phản hồi tích cực từ phía độc giả. Với tủ sách này,&nbsp;Nhà xuất bản Dân Trí và Omega Plus ấn hành mong muốn đem đến cho bạn đọc cái nhìn từ tổng quan đến chi tiết, cũng như đa chiều hơn về lịch sử hình thành, phát triển, những vấn đề xoay quanh văn hóa và con người Do Thái từ xa xưa cho đến hôm nay.&nbsp;</p>\r\n', '2021-05-11 03:57:21', 'Trong khi nhiều người bày tỏ lo ngại khi độc giả ngày nay ít quan tâm tới lịch sử thì \"Lịch sử Do Thái\" -  cuốn sách sử dày dặn bán hết 2.000 bản sau 10 ngày ra mắt.', b'1', 'UN8G_lich_su_do_thai.jpg', b'1', b'0', '2021-07-03 10:58:50', 'Lịch Sử Do Thái', 100000, 4, 'lich-su-do-thai', 34);
INSERT INTO `books` VALUES (1033, 'Nguyễn Chí Linh', '<p style=\"text-align:justify\">Con đường tơ lụa còn được gọi là con đường Đông - Tây hình thành từ những năm 220 Trước Công nguyên, do những người Trung Hoa giao thương tơ, lụa và gấm đến các quốc gia lân cận, nhất là khu vực Nam Á. Trên con đường đó còn xuất hiện việc mua bán các mặt hàng quý giá, việc truyền bá đạo Phật, cũng như có ý nghĩa quan trọng về mặt quân sự. Nguyễn Chí Linh đã từng đến các quốc gia Nam Á vào năm 2011, nhưng anh vẫn muốn quay trở lại vùng đất này theo con đường tơ lụa để tìm hiểu về Phật giáo, về cuộc sống của người dân ở Afghanistan trong thời loạn lạc chiến tranh…</p>\r\n\r\n<p style=\"text-align:justify\">Bắt đầu từ Bangladesh đến New Delhi, Kabul…, độc giả theo bước chân của Nguyễn Chí Linh khám phá cung đường huyền thoại, nghe những câu chuyện sống động, chân thực về đất nước, văn hóa và con người bản địa. Đặc biệt là hồi hộp, thót tim cùng tác giả trước những nguy cơ khôn lường…</p>\r\n\r\n<p style=\"text-align:justify\">6 chương của cuốn sách chứa ngồn ngộn những tư liệu hiện thực, lịch sử, văn hóa ở những nơi tác giả đi qua. Cách tác giả trần thuật lại câu chuyện như cách anh ghi nhật ký: chi tiết, cụ thể và đầy cảm xúc, tâm trạng. Những nguy hiểm mà tác giả nếm trải khi đi qua vùng đất mà Taliban chiếm đóng, khi bị tra xét; những rắc rối về thủ tục, giấy tờ, những khó khăn vì khác biệt văn hóa, ngôn ngữ… càng làm hành trình du lịch đậm chất phiêu lưu, mạo hiểm. Khi đã đi được 2/3 chặng đường, tác giả nghe tin mẹ bị tai nạn phải vào viện cấp cứu. Đi tiếp hay quay về là chọn lựa khó khăn nhất của anh lúc này vì lịch trình, vé máy bay không dễ gì đổi được. May mắn nhờ người thân, họ hàng chăm sóc, mẹ anh đã dần khỏe lại, động viên anh yên tâm tiếp tục hành trình còn dang dở.</p>\r\n\r\n<p style=\"text-align:justify\">“Trên con đường tơ lụa Nam Á” miêu tả những nét đẹp, những giá trị văn hóa, lịch sử, kinh tế thương mại ở từng công trình, thành phố, điểm đến nổi tiếng của các quốc gia Nam Á như: kinh đô vàng son một thời Lahore, kho bạc Bagram, sắc màu Pakistan, Bảo tàng quốc gia Afghanistan, đất Phật Bamyan, thung lũng Yakawlang, kinh đô Phật giáo Ấn Độ, những pháo đài, lăng mộ, nghĩa địa cổ… Các quốc gia Nam Á có những người dân đôn hậu, thân thiện, nhiệt tình giúp đỡ du khách nước ngoài. Và họ luôn mơ có cuộc sống yên bình, không chiến tranh, nền giáo dục phát triển… Tình người ấm ở những vùng đất còn chưa được bình yên là điều mà tác giả trân trọng và là động lực tiếp sức cho anh tiếp tục khám phá cung đường mơ ước.</p>\r\n', '2021-05-11 03:57:57', 'Là cây bút đi nhiều, viết nhiều, đặc biệt là thể loại du ký, tác giả Nguyễn Chí Linh khá quen thuộc với độc giả qua các chuyên mục du lịch của các báo, tạp chí trong nước và nhiều đầu sách chuyên về du ký. “Trên con đường tơ lụa Nam Á” (NXB Thế Giới) là một trong những tác phẩm gây ấn tượng với người đọc bởi không đơn thuần là viết về những điểm đến hấp dẫn, những trải nghiệm thú vị, mà còn là một cuộc phiêu lưu với muôn vàn nguy hiểm.\r\n\r\n', b'0', 'odvv_tren_con_duong_tu_lua_nam_a.jpg', b'1', b'0', '2021-07-03 10:59:13', 'Trên Con Đường Tơ Lụa Ở Nam Á', 58000, 9, 'tren-con-uong-to-lua-o-nam-a', 34);
INSERT INTO `books` VALUES (1034, 'Phạm Quỳnh', '<p style=\"text-align:justify\"><span style=\"font-family:inherit; font-size:16px\">Cách đây tròn 100 năm, trên tạp chí Nam Phong xuất bản ở Hà Nội, đăng liên tiếp 3 kỳ ký sự&nbsp;<a href=\"https://www.netabooks.vn/mot-thang-o-nam-ky\" style=\"box-sizing: border-box; outline: 0px; margin: 0px; padding: 0px; border: 0px; font-style: inherit; font-variant: inherit; font-weight: inherit; font-stretch: inherit; line-height: inherit; font-family: inherit; vertical-align: baseline; color: rgb(245, 166, 35); text-decoration-line: none;\" target=\"_blank\">Một tháng ở Nam kỳ</a>&nbsp;của Phạm Quỳnh, với những mô tả chi tiết về Sài Gòn thời đó. Chuyến đi năm đó của Phạm Quỳnh, chủ nhiệm tạp chí Nam Phong, kéo dài từ cuối tháng 8 đến cuối tháng 9/1918. Ông đi từ Hải Phòng trên chiếc tàu thủy Porthos, sau 4 ngày cập cảng Sài Gòn để ghi nhận những ấn tượng về một vùng đất mới. Loạt ký sự Một tháng ở Nam kỳ của ông được đăng trên Nam Phong - tạp chí trong ba kỳ không liên tục, từ tháng 11/1918 đến tháng 2/1919. Gần đây, bài du ký này đã được in trong cuốn Mười ngày ở Huế của Nhà xuất bản Văn học (2001), hoặc in riêng thành một quyển (NXB Hội nhà văn, 2018). Ông kể lại: “Tàu đi cả thảy hai ngày rưỡi ba đêm, đường đi tới hơn một ngàn rưởi km. Tang tảng sáng ngày thứ tư đã vào tới cửa Sài Gòn. Sài Gòn cách biển những 60 km nên từ cửa Cần Giờ vào, đi ngược con sông Sài Gòn, còn phải mất mấy giờ đồng hồ. 7h sáng thì tàu vừa ghé bến. Trông dưới bến đã thấy nhan nhản những người ra đón anh em bà con sắp ở tàu xuống”.</span></p>\r\n\r\n<div>&nbsp;</div>\r\n', '2021-05-11 03:58:35', 'Ký sự \"Một tháng ở Nam kỳ\" mô tả chi tiết về Sài Gòn 100 năm trước mới đây được in riêng thành một cuốn sách của NXB Hội Nhà Văn 2018.\r\n\r\n', b'0', 'jTWG_mot_thang_o_nam_ky.jpg', b'1', b'0', '2021-07-03 11:00:05', 'Một Tháng Ở Nam Kỳ', 99000, 7, 'mot-thang-o-nam-ky', 34);
INSERT INTO `books` VALUES (1035, 'Hàn Phi', '<div style=\"font-size: 19px; line-height: 32px; margin: 0px 0px 20px; color: rgba(0, 0, 0, 0.8); font-family: NotoSerif-Regular, &quot;Times New Roman&quot;; white-space: pre-wrap;\">Trong bốn trường phái tư tưởng lớn của Trung Quốc (Nho, Mặc, Lão, Pháp), thì Pháp gia của Hàn Phi mang nhiều điểm khác biệt nhất, thể hiện tính thực tế và hiện đại của một nhà cải cách chính trị. Xuất phát từ cục diện chiến tranh hỗn loạn thời Xuân Thu - Chiến Quốc, các nhà tư tưởng lớn của Trung Quốc bấy giờ đều có những triết thuyết để trị nước, an dân: Lão Tử đề cao tư tưởng “vô vi”, “cai trị bằng cách không cai trị”; Khổng Tử dùng “nhân trị” và “đức trị”; Mặc Tử chủ trương hòa bình, kiêm ái, bình đẳng giữa người với người; chỉ riêng Hàn Phi kiên trì đề ra “luật pháp” để trị nước, một khái niệm còn mới thời bấy giờ.</div>\r\n\r\n<div style=\"font-size: 19px; line-height: 32px; margin: 0px 0px 20px; color: rgba(0, 0, 0, 0.8); font-family: NotoSerif-Regular, &quot;Times New Roman&quot;; white-space: pre-wrap;\">Trước Hàn Phi, ở Trung Quốc đã có trường phái pháp gia, nhưng chỉ dừng lại ở quy củ. Chính Hàn Phi là người tìm ra cái cốt lõi của pháp luật:</div>\r\n\r\n<div style=\"font-size: 19px; line-height: 32px; margin: 0px 0px 20px; color: rgba(0, 0, 0, 0.8); font-family: NotoSerif-Regular, &quot;Times New Roman&quot;; white-space: pre-wrap;\">- Pháp luật là văn bản và phải được công khai: \"Pháp là cái chép để ở trong sách vở, đặt nơi cửa công, ban bố cho trăm họ\".</div>\r\n\r\n<div style=\"font-size: 19px; line-height: 32px; margin: 0px 0px 20px; color: rgba(0, 0, 0, 0.8); font-family: NotoSerif-Regular, &quot;Times New Roman&quot;; white-space: pre-wrap;\">- Mọi người đều bình đẳng trước pháp luật: “Pháp luật không hùa theo người sang... Khi đã thi hành pháp luật thì kẻ khôn cũng không thể từ, kẻ dũng cũng không dám tranh. Trừng trị cái sai không tránh kẻ đại thần, thưởng cái đúng không bỏ sót kẻ thất phu.”</div>\r\n\r\n<div style=\"font-size: 19px; line-height: 32px; margin: 0px 0px 20px; color: rgba(0, 0, 0, 0.8); font-family: NotoSerif-Regular, &quot;Times New Roman&quot;; white-space: pre-wrap;\">- Dùng pháp luật làm quy chuẩn chung: \"Bậc vua sáng khiến pháp luật chọn người chứ không tự mình tiến cử, khiến cho pháp luật đo lường công lao, chứ không tự mình tính toán.\"</div>\r\n\r\n<div style=\"font-size: 19px; line-height: 32px; margin: 0px 0px 20px; color: rgba(0, 0, 0, 0.8); font-family: NotoSerif-Regular, &quot;Times New Roman&quot;; white-space: pre-wrap;\">Người thời nay đọc lại Hàn Phi Tử khó tránh khỏi kinh ngạc bởi từ 2500 trước, ở Trung Quốc đã có được cách thi hành pháp luật hiện đại như thế. Xuất hiện vào cuối thời Chiến quốc, những lý thuyết của Hàn Phi là một trong những yếu tố quan trọng giúp Tần Thuỷ Hoàng thống nhất Trung Quốc. Sau đó nó trở thành lý thuyết của nền quân chủ Trung Hoa dưới cái vẻ bên ngoài của Nho giáo. Thời nhà Đường, nhà Tống - nổi tiếng với pháp chế nghiêm ngặt (tưởng tượng như trong phim Bao Thanh Thiên), cũng có phần nhiều công lao của Hàn Phi Tử.</div>\r\n', '2021-05-11 03:59:03', '“Đối với ai muốn hiểu chế độ quân chủ Trung Quốc, thực tế không có tác phẩm nào quan trọng bằng Hàn Phi Tử. Toàn bộ các quan hệ xã hội được phơi bày đến mức tàn nhẫn, không nể nang gì hết: óc phê phán của tác giả sắc bén đến mức nó là bản cáo trạng đầy đủ nhất, khách quan nhất về chế độ quân chủ” - GS. Phan Ngọc.\r\n', b'0', 'ojDm_han_tu_phi.jpg', b'1', b'0', '2021-07-03 11:00:53', 'Hàn Phi Tử', 177000, 5, 'han-phi-tu', 34);
INSERT INTO `books` VALUES (1036, 'The Changmi', '<p>Đâu là lý do “dẫn dắt” bạn đến với tiếng Hàn và đất nước Hàn Quốc xinh đẹp?</p>\r\n\r\n<p>Tôi nghĩ:</p>\r\n\r\n<p>Bạn đang có ý định học tiếng Hàn để đi du học,</p>\r\n\r\n<p>Bạn chuẩn bị đi xuất khẩu lao động Hàn Quốc,</p>\r\n\r\n<p>Cũng có thể, bạn là fan muốn đi gặp các oppa &nbsp;Hàn Quốc.</p>\r\n\r\n<p>Để làm được những điều đó, bạn phải biết Tiếng Hàn phải không nào? Nhưng với bạn NGỮ PHÁP là món “khó nhằn nhất” khi bắt đầu học Tiếng Hàn.</p>\r\n\r\n<p>Đừng bỏ qua email này nếu như bạn thực sự muốn làm được những điều mình muốn như trên, bởi chúng tôi không chỉ giúp bạn lựa chọn những cuốn sách được xem như bí kíp cải thiện kỹ năng trong học ngoại ngữ, mà còn giúp bạn biến những ước mơ thành sự thật ở xứ sở kim chi.</p>\r\n\r\n<p>Làm sao để giúp bạn học tốt phần NGỮ PHÁP TIẾNG HÀN:</p>\r\n\r\n<p>Bạn phải có mục tiêu đối với lộ trình học Tiếng Hàn của mình</p>\r\n\r\n<p>Bạn phải có một người thầy dẫn dắt, ít nhất là khi mới bắt đầu</p>\r\n\r\n<p>Bạn cũng nên có một người bạn đồng hành cùng mình</p>\r\n\r\n<p>Bạn phải tìm ra được những tài liệu phù hợp trong quá trình học</p>\r\n\r\n<p>Bạn phải có tinh thần tự giác, chăm chỉ luyện tập mỗi ngày</p>\r\n\r\n<p>Nhưng, khi bạn bất chợt bắt gặp một ngữ pháp tiếng Hàn trong sách, trong cuộc sống hằng ngày, nhưng lại không biết ý nghĩa của nó, vì vậy bạn không thể nắm bắt chính xác nội dung của ngữ cảnh và tình huống?</p>\r\n\r\n<p>Bạn gặp khó khăn với các cấu trúc câu vô cùng khó nhớ?</p>\r\n\r\n<p>Bạn muốn áp dụng một ngữ pháp đã học, nhưng lại không dám sử dụng vì không tài nào nhớ nổi các trợ từ đi kèm? Bạn muốn mình có thể hiểu và vận dụng thành thạo được các ngữ pháp tiếng Hàn theo nhiều cách khác nhau, nhưng lại không muốn mang theo cuốn sách giáo trình bên mình? Hiểu được những khó khăn mà một người theo học ngoại ngữ thường gặp phải, cuốn sách “Ngữ pháp tiếng Hàn Bỏ Túi” dưới dạng một cuốn cẩm nang bỏ túi, tổng hợp phần lớn những ngữ pháp quan trọng và phổ biến trong tiếng Hàn mà một người học tiếng có thể bắt gặp trong quá trình nghiên cứu và học tập.</p>\r\n\r\n<p>Bạn không biết nên tự học tiếng Hàn từ tài liệu nào?</p>\r\n\r\n<p>Công việc và việc học tập quá bận rộn, bạn không đủ thời gian cho các khóa học ở trung tâm. Nhiều bạn học sinh, sinh viên không trang trải nổi chi phí 3 – 5 triệu đồng cho các khóa tiếng Hàn cơ bản tại trung tâm nên quyết định tự học bằng cách nghiên cứu tài liệu. Các bạn tự học hầu như đều không biết nên học từ đâu, học như thế nào để ngay từ khi bắt đầu bạn không thấy chán. Trên thị trường có rất nhiều tài liệu tiếng Hàn, nhưng càng nhiều lại càng dễ làm bạn “loạn”. Trong bể tài liệu kia đâu mới là cuốn sách đúng chuẩn, phù hợp với những người mới bắt đầu như bạn.</p>\r\n\r\n<p>Không có phương pháp học giao tiếp hiệu quả</p>\r\n\r\n<p>Bạn đã thử học giao tiếp tiếng Hàn bằng nhiều phương pháp ở nhiều trung tâm, qua nhiều thầy cô giáo nhưng trình độ của bạn vẫn không được cải thiện. Tư duy ngôn ngữ của bạn vẫn chưa được thay đổi, bạn có thể nghe hiểu nhưng không thể nói. Bạn phản xạ chậm làm người những người đối thoại phải mất nhiều thời gian để chờ đợi, đôi khi điều đó làm bạn giống như bị cô lập vì không hiểu những người xung quanh đang nói về chủ đề gì.</p>\r\n\r\n<p>Mỗi ngày trôi qua bạn đều tự học tiếng Hàn nhưng học mãi mà trình độ vẫn “lẹt đẹt” chỉ vì những rào cản trên. Bạn có tin mỗi ngày bạn chỉ cần bỏ ra 15 phút, chỉ trong 3 tháng liên tục và đều đặn thực hiện là bạn có thể giao tiếp tiếng Hàn cơ bản? Cuốn sách “Ngữ pháp tiếng Hàn Bỏ Túi”sẽ giúp bạn làm điều đó.</p>\r\n\r\n<p>“Ngữ pháp tiếng Hàn Bỏ Túi” là cuốn sách tuyệt vời cho người học tiếng Hàn</p>\r\n\r\n<p>Các ngữ pháp trong cẩm nang “Ngữ pháp tiếng Hàn Bỏ Túi” được sắp xếp theo thứ tự bảng chữ cái tiếng Hàn để tiện cho người sử dụng trong việc tra cứu. Mỗi ngữ pháp xuất hiện trong cuốn cẩm nang đều được liên kết với một ngữ pháp trong tiếng Việt, giúp người đọc có thể hình dung được ý nghĩa khái quát của ngữ pháp.</p>\r\n\r\n<p>Bên cạnh việc hướng dẫn sử dụng ngữ pháp và giải thích ý nghĩa, mục đích sử dụng cũng như chỉ rõ các tiếng huống mà ta có thể sử dụng ngữ pháp đó, chúng tôi cũng đưa ra các ví dụ cụ thể trong các ngữ cảnh phong phú, kèm theo dịch nghĩa tiếng Việt cho mỗi ngữ pháp.</p>\r\n\r\n<p>Nhờ cách biên soạn đầy đủ nhưng ngắn gọn này, người sử dụng cẩm nang sẽ chỉ mất vài giây để tìm kiếm một ngữ pháp, hiểu được ý nghĩa cũng như cách sử dụng của ngữ pháp; và ngay lập tức có thể áp dụng ngữ pháp này trong giao tiếp hay học tập và làm việc.</p>\r\n\r\n<p>Ngoài mục đích tra cứu, “Ngữ pháp tiếng Hàn Bỏ Túi” cũng hoàn toàn phù hợp để sử dụng như một cuốn giáo trình ngữ pháp bỏ túi: bạn có thể chọn lấy cho mình mỗi ngày một ngữ pháp bất kỳ trong cẩm nang để rèn luyện và trau dồi khả năng sử dụng tiếng Hàn linh hoạt của mình.</p>\r\n\r\n<p>Những người biên soạn cuốn “Ngữ pháp tiếng hàn Bỏ Túi”, hi vọng rằng đây có thể trở thành một cuốn sách hữu dụng cho quá trình học tập, nghiên cứu tiếng Hàn và luôn xuất hiện trong cặp sách của các bạn – những người đang theo học thứ ngôn ngữ này</p>\r\n', '2021-05-11 03:59:40', 'Sách Ebooks PDF, Epub, Prc Ngữ Pháp Tiếng Hàn Bỏ Túi Nguồn gốc: MCBooks, Tác giả: Ngọc Bích – Trang ĐàoNXBNXB Hồng ĐứcNăm XB2018, Trọng lượng (gr): 400Kích thước14.5 x 20.5Số trang372Hình thứcBìa MềmSản phẩm hiển thị trongMCBooksSản phẩm bán chạy nhấtTop 100 sản phẩm Tiếng Hàn bán chạy của tháng. Thuộc danh mục sách: SÁCH TIẾNG VIỆT SÁCH HỌC NGOẠI NGỮ TIẾNG HÀN\r\n\r\n', b'1', 'bDSL_ngu_phap_tieng_han_bo_tui.jpg', b'1', b'0', '2021-07-03 11:01:26', 'Ngữ Pháp Tiếng Hàn Bỏ Túi', 185000, 6, 'ngu-phap-tieng-han-bo-tui', 35);
INSERT INTO `books` VALUES (1037, 'Nguyên Thảo', '', '2021-05-11 04:00:10', 'Sách Ebooks PDF, Epub, Prc Ngữ Pháp Tiếng Hàn Hiện Đại Nguồn gốc: Nhà Sách Minh Thắng , Tác giả: Nguyên Thảo NXB NXB Dân Trí Năm XB 2019 , Trọng lượng (gr): 618 Kích thước 16 × 24 cm Số trang 415 Hình thức Bìa Mềm Sản phẩm hiển thị trong Nhà Sách Minh Thắng. Thuộc danh mục sách: Sách học ngoại ngữ / Tiếng Hàn /\r\n\r\n', b'0', 'o1jk_ngu_phap_tieng_han_hien_dai.jpg', b'1', b'0', '2021-07-03 11:02:42', 'Ngữ Pháp Tiếng Hàn Hiện Đại', 256000, 3, 'ngu-phap-tieng-han-hien-ai', 35);
INSERT INTO `books` VALUES (1038, 'Mã Chân', '<p><strong>Học tiếng Trung</strong>&nbsp;<strong>từ đầu</strong>&nbsp;sẽ tổng hợp đầy đủ các kiến thức về cấu trúc&nbsp;<strong>ngữ pháp tiếng trung</strong>&nbsp;cho các bạn tiện bề theo dõi. Mục tiêu là để các bạn có thể nắm vững toàn bộ ngữ pháp của môn tiếng Trung chỉ trên một bài viết này. Hi vọng sau khi biết tới bài viết này, các bạn sẽ không mất quá nhiều thời gian để đi tìm từng cấu trúc ngữ pháp lẻ nữa.</p>\r\n', '2021-05-11 04:00:49', 'Ngữ pháp tiếng Hoa là một chủ đề rất lớn và rất rộng. Nó bao hàm rất nhiều vấn đề về các loại từ như định ngữ, động từ, danh từ, hình dung từ, HSK… các cấu trúc ngữ pháp tiếng Trung được sử dụng cố định. Thêm vào nữa là ngay cả những cách diễn đạt đúng, đậm văn phong của ngôn ngữ Trung Quốc.\r\n\r\n', b'0', 'kfTB_ngu-phap-tieng-trung-thong-dung.jpg', b'1', b'0', '2021-07-03 11:03:09', 'Ngữ Pháp Tiếng Trung Thông Dụng', 126000, 5, 'ngu-phap-tieng-trung-thong-dung', 35);
INSERT INTO `books` VALUES (1039, 'Lê Thị Hiệp', '<p>Như chúng ta đã biết, ngữ âm tiếng Việt chia làm 5 hệ thống là âm đầu, âm đệm, âm chính, âm cuối và thanh điệu. Tuy nhiên, việc phân chia một cách rành mạch ranh giới các hệ thống trong một âm tiết với người nước ngoài chủ yếu học tiếng Việt từ góc độ giao tiếp theo chúng tôi là không thật sự cần thiết. Có thể tóm gọn về 3 nội dung sau: hệ thống phụ âm, hệ thống nguyên âm và hệ thống thanh điệu. Sau đó lưu ý cho họ những điểm đặc biệt, những khác biệt quan trọng trong từng hệ thống để mục đích cuối cùng họ có thể phát âm một cách tương đối chuẩn xác tiếng Việt.</p>\r\n', '2021-05-11 04:01:26', 'Tiếng Việt thuộc loại hình ngôn ngữ đơn lập, số lượng nguyên âm, phụ âm tương đối nhiều đặc biệt là hệ thống thanh điệu tạo nên đặc trưng riêng của ngôn ngữ này. Đây cũng là những rào cản tương đối cho một người nước ngoài khi bắt đầu học tiếng Việt. Bài viết nhỏ này chúng tôi muốn trao đổi về cách dạy để giúp người học tiếp cận với hệ thống ngữ âm tiếng Việt như thế nào cho hiệu quả nhất.\r\n', b'0', 'FkHd_tieng_viet_danh_cho_nguoi_nuoc_ngoai.jpg', b'1', b'0', '2021-07-03 11:03:32', 'Tiếng Việt Cho Người Nước Ngoài', 69000, 9, 'tieng-viet-cho-nguoi-nuoc-ngoai', 35);
INSERT INTO `books` VALUES (1040, 'The Windy', '<p>File nghe là điều nhất định phải có khi học ngoại ngữ! Không cần ôm chiếc máy tính cùng những chiếc CD trầy xước ngồi ì trên bàn để nghe, cuốn sách xịn xò này cho phép chúng ta nghe được file nghe ngay trên chiếc smartphone của mình. Đây cũng là điểm khiến cho nhiều độc giả rất thích thú vì các bạn có thể luyện nghe và học tiếng Anh ngay cả khi các bạn ngồi trên xe bus hoặc chuẩn bị đi ngủ.</p>\r\n\r\n<div>&nbsp;</div>\r\n', '2021-05-11 04:02:11', 'Bình thường mà học luyện nghe tiếng Anh là chúng ta sẽ nghĩ ngay đến những cuốn sách chi chít chữ, nhét cái CD vô máy tính rồi vừa nghe vừa nhìn theo sách xem người ta đang nói gì… nhưng khổ nỗi là vẫn không thể hiểu nổi.\r\n\r\n', b'0', 'N20i_listen_english_faster.jpg', b'1', b'0', '2021-07-03 11:03:57', 'Listen English Faster', 245000, 3, 'listen-english-faster', 35);
INSERT INTO `books` VALUES (1041, 'Catherin Bruzzone', '<p>STEM là thuật ngữ viết tắt của Science, Technology, Engineering, Mathematics (Khoa học, Công nghệ, Kỹ thuật, Toán học). Bốn lĩnh vực này liên kết với nhau một cách chặt chẽ, không tách rời. Công nghệ và Kỹ thuật lấy ý tưởng từ những phát kiến mới về Khoa học để cuộc sống của chúng ta được dễ dàng và giúp thế giới trở nên tươi đẹp hơn. Tuy nhiên, Toán học được xem là yếu tố quan trọng nhất và không nhà khoa học hoặc kỹ sư nào có thể hoàn thành công việc mà không nhờ cậy đến Toán học. STEM QUANH EM thể hiện chân thật vẻ đẹp trong sáng của Toán học, khoa học, kỹ thuật và công nghệ, mang tới cho các bạn nhỏ những thông tin hữu ích của Stem từ quá khứ tới hiện tại và tương lai, đồng thời giúp các bạn nhỏ nhận ra những ứng dụng thông minh nhưng lại vô cùng đơn giản và gần gũi của Stem trong cuộc sống đời thường.</p>\r\n\r\n<p>Với Công nghệ siêu thông minh, 20 trò chơi giúp các học giả nhí được thực hành công nghệ tại gia, khám phá từ chiếc bồn cầu rắc rối cho tới hệ thống mạng Internet rộng lớn, nhưng cả hai thì đều không thể thiếu trong một ngôi nhà hiện đại.</p>\r\n\r\n<p>STEM QUANH EM, giúp các bạn đọc nhí khám phá thế giới quanh mình một cách hiện đại, thông minh, sáng tạo và đầy thú vị.</p>\r\n\r\n<p>STEM QUANH EM, để các bạn đọc nhí thêm tự tin bước vào thời đại công nghệ 4.0 tương lai.</p>\r\n\r\n<p>STEM QUANH EM, dành tặng các công dân toàn cầu tương lai.</p>\r\n', '2021-05-11 04:02:41', '', b'0', 'fAiQ_stem_cong_nghe_sieu_thong_minh.jpg', b'1', b'0', '2021-07-03 11:07:12', 'Stem – Công Nghệ Siêu Thông Minh', 165000, 4, 'stem--cong-nghe-sieu-thong-minh', 36);
INSERT INTO `books` VALUES (1042, 'Trần Văn Tuấn', '<div class=\"product-description-wrap\" style=\"box-sizing: border-box; padding: 20px 15px 0px; color: rgb(51, 51, 51);\">\r\n<p>Đọc&nbsp;<strong><em>Thông tin đa chiều</em></strong>&nbsp;để thấy để tồn tại và phát triển ở một thành phố năng động không những chỉ cần có tâm mà phải có tầm nữa. Phải biết sống cùng nhịp sống thành phố để thấy mình ngày một trưởng thành hơn.</p>\r\n</div>\r\n', '2021-05-11 04:03:07', 'Là câu chuyện về sự chuyển mình của một tòa soạn nhật báo ở thành phố lớn, với bao nhiêu thay đổi, dằn vặt đấu tranh để chuyển từ cơ chế bao cấp sang cơ chế thị trường. Những thay đổi của từng con người trong tòa soạn từ nhiều nguồn đào tạo khác nhau, cả những người tay ngang nữa, bằng nhận thức, bằng lý thuyết và cả bằng thực tế sinh động của đời sống ở một thành phố năng động, với những đòi hỏi cấp thiết của cuộc sống, của nghề báo đã tạo nên một không khí sinh động, quyết liệt và không kém phần thách thức.\r\n', b'1', 'OxxC_thong_tin_da_chieu.jpg', b'1', b'0', '2021-07-03 11:08:56', 'Thông Tin Đa Chiều', 122000, 5, 'thong-tin-a-chieu', 36);
INSERT INTO `books` VALUES (1043, 'TS. Lê Văn Hùng', '<p style=\"text-align:justify\">Nội dung giáo trình trình bày những khái niệm và định nghĩa chung về bảo mật thông tin, đi sâu phân tích 2 loại mã hóa: mã khóa bí mật cùng các giao thức, thuật toán trao đổi khóa mã và mã bất đối xứng hay mã khóa công khai và khóa riêng với những ứng dụng cụ thể của nó. Bên cạnh đó, nội dung giáo trình giới thiệu đến một vấn đề rất có ý nghĩa hiện nay trong các giao dịch thương mại điện tử, ngân hàng trực tuyến đó là: Chữ ký điện tử, chữ ký số và vấn đề phân phối khóa công khai với các hệ thống hạ tầng cơ sở khóa công khai PKI và chuẩn X509 cũng như hệ thống mạng lưới tin cậy và giao thức PGP.</p>\r\n\r\n<p style=\"text-align:justify\">Đặc biệt phần cuối giới thiệu các giao thức và chuẩn mã hóa thông dụng nhất trên Internet trong các dịch vụ bảo mật thư điện tử như S/MIME, những giao thức và chuẩn mã hóa sử dụng để bảo đảm an toàn thông tin đặc biệt quan trọng trong thương mại điện tử, ngân hàng điện tử, như SSL/TLS và HTTPS, FTPS, SET, SSH, IPsec… Ở cuối mỗi phần lý thuyết, giáo trình cung cấp một danh mục các phần mềm ứng dụng thương mại và phi thương mại để người đọc tiện tra cứu, sử dụng</p>\r\n', '2021-05-11 04:03:29', 'Cuốn sách được trình bày hợp lý với nội dung khá hoàn chỉnh, không những giúp cho người bắt đầu làm quen dễ tiếp thu những kiến thức cơ bản nhất của một lĩnh vực chuyên môn khó mà còn gợi mở những hướng ứng dụng thực tế phong phú cho những người muốn nghiên cứu sâu hơn.', b'0', 'p6r1_an_toan_thong_tin.jpg', b'1', b'0', '2021-07-03 11:09:33', 'An Toàn Thông Tin', 99000, 8, 'an-toan-thong-tin', 36);
INSERT INTO `books` VALUES (1044, 'Jooshua Bloch', '', '2021-05-11 04:03:53', 'Java tiếp tục phát triển và phát triển, và sách dạy nhanh này tiếp tục phát triển song song. Với hướng dẫn này, bạn sẽ bắt kịp tốc độ ngay lập tức với hàng trăm công thức thực hành trên nhiều chủ đề Java. Bạn sẽ học được các kỹ thuật hữu ích cho mọi thứ, từ xử lý chuỗi và lập trình chức năng đến giao tiếp mạng.', b'0', '8wVi_efective_java.jpg', b'1', b'0', '2021-07-03 11:10:08', 'Effective Java', 45000, 15, 'effective-java', 36);
INSERT INTO `books` VALUES (1045, 'Bill Lubanovic', '', '2021-05-11 04:04:37', '', b'0', 'E4VG_introducing_python.jpg', b'1', b'0', '2021-07-03 11:11:04', 'Introducing Python', 199000, 6, 'introducing-python', 36);

-- ----------------------------
-- Table structure for borrow_details
-- ----------------------------
DROP TABLE IF EXISTS `borrow_details`;
CREATE TABLE `borrow_details`  (
  `id` bigint(20) NOT NULL AUTO_INCREMENT,
  `quantity` int(11) NULL DEFAULT NULL,
  `book_id` bigint(20) NULL DEFAULT NULL,
  `borrow_id` bigint(20) NULL DEFAULT NULL,
  PRIMARY KEY (`id`) USING BTREE,
  INDEX `FK67u8ftayylgk9t7pjbl2m4eb2`(`book_id`) USING BTREE,
  INDEX `FKlr91eocj78p7tl08dapap0abq`(`borrow_id`) USING BTREE
) ENGINE = MyISAM AUTO_INCREMENT = 16 CHARACTER SET = utf8 COLLATE = utf8_general_ci ROW_FORMAT = Fixed;

-- ----------------------------
-- Records of borrow_details
-- ----------------------------
INSERT INTO `borrow_details` VALUES (1, 1, 1001, 1);
INSERT INTO `borrow_details` VALUES (2, 1, 1001, 2);
INSERT INTO `borrow_details` VALUES (3, 1, 1001, 3);
INSERT INTO `borrow_details` VALUES (4, 2, 1005, 3);
INSERT INTO `borrow_details` VALUES (5, 1, 1001, 4);
INSERT INTO `borrow_details` VALUES (6, 2, 1005, 4);
INSERT INTO `borrow_details` VALUES (7, 1, 1001, 5);
INSERT INTO `borrow_details` VALUES (8, 1, 1001, 5);
INSERT INTO `borrow_details` VALUES (9, 1, 1001, 5);
INSERT INTO `borrow_details` VALUES (10, 1, 1017, 6);
INSERT INTO `borrow_details` VALUES (11, 1, 1001, 7);
INSERT INTO `borrow_details` VALUES (12, 1, 1007, 8);
INSERT INTO `borrow_details` VALUES (13, 1, 1004, 9);
INSERT INTO `borrow_details` VALUES (14, 1, 1001, 10);
INSERT INTO `borrow_details` VALUES (15, 1, 1004, 10);

-- ----------------------------
-- Table structure for borrows
-- ----------------------------
DROP TABLE IF EXISTS `borrows`;
CREATE TABLE `borrows`  (
  `id` bigint(20) NOT NULL AUTO_INCREMENT,
  `created_date` datetime(0) NULL DEFAULT NULL,
  `deadline` datetime(0) NULL DEFAULT NULL,
  `modified_date` datetime(0) NULL DEFAULT NULL,
  `payment` bigint(20) NULL DEFAULT NULL,
  `status` bit(1) NULL DEFAULT NULL,
  `total` bigint(20) NULL DEFAULT NULL,
  `user_id` bigint(20) NULL DEFAULT NULL,
  PRIMARY KEY (`id`) USING BTREE,
  INDEX `FKd64ttskt7j96v1nqtpry3pp2a`(`user_id`) USING BTREE
) ENGINE = MyISAM AUTO_INCREMENT = 11 CHARACTER SET = utf8 COLLATE = utf8_general_ci ROW_FORMAT = Fixed;

-- ----------------------------
-- Records of borrows
-- ----------------------------
INSERT INTO `borrows` VALUES (1, '2021-06-09 15:50:41', '2021-06-12 00:00:00', '2021-06-09 15:50:58', 152000, b'1', 3000, 2);
INSERT INTO `borrows` VALUES (2, '2021-06-13 10:48:33', '2021-06-18 00:00:00', '2021-06-29 23:05:33', 152000, b'1', 5000, 2);
INSERT INTO `borrows` VALUES (3, '2021-06-29 23:22:22', '2021-06-30 00:00:00', '2021-06-29 23:43:34', 217000, b'1', 1000, 2);
INSERT INTO `borrows` VALUES (5, '2021-06-29 23:24:27', '2021-06-30 00:00:00', '2021-06-29 23:24:52', 456000, b'1', 1000, 2);
INSERT INTO `borrows` VALUES (6, '2021-06-29 23:26:21', '2021-07-02 00:00:00', '2021-06-29 23:28:33', 211000, b'1', 3000, 2);
INSERT INTO `borrows` VALUES (7, '2021-06-29 23:42:36', '2021-07-03 00:00:00', '2021-06-29 23:45:12', 152000, b'1', 4000, 2);
INSERT INTO `borrows` VALUES (8, '2021-06-29 23:45:56', '2021-07-08 00:00:00', '2021-06-30 13:14:01', 156000, b'1', 9000, 2);
INSERT INTO `borrows` VALUES (9, '2021-06-29 23:47:13', '2021-07-01 00:00:00', '2021-06-29 23:47:13', 126000, b'0', 2000, 6);
INSERT INTO `borrows` VALUES (10, '2021-06-30 13:14:46', '2021-07-03 00:00:00', '2021-06-30 13:14:46', 278000, b'0', 3000, 2);

-- ----------------------------
-- Table structure for categories
-- ----------------------------
DROP TABLE IF EXISTS `categories`;
CREATE TABLE `categories`  (
  `id` bigint(20) NOT NULL AUTO_INCREMENT,
  `created_date` datetime(0) NULL DEFAULT NULL,
  `image` varchar(255) CHARACTER SET utf8 COLLATE utf8_general_ci NULL DEFAULT NULL,
  `is_active` bit(1) NULL DEFAULT NULL,
  `modified_date` datetime(0) NULL DEFAULT NULL,
  `name` varchar(255) CHARACTER SET utf8 COLLATE utf8_general_ci NULL DEFAULT NULL,
  `slug` varchar(255) CHARACTER SET utf8 COLLATE utf8_general_ci NULL DEFAULT NULL,
  PRIMARY KEY (`id`) USING BTREE
) ENGINE = MyISAM AUTO_INCREMENT = 37 CHARACTER SET = utf8 COLLATE = utf8_general_ci ROW_FORMAT = Dynamic;

-- ----------------------------
-- Records of categories
-- ----------------------------
INSERT INTO `categories` VALUES (35, '2021-05-11 03:33:18', 'An39_ngoai_ngu.jpg', b'1', '2021-05-11 03:33:18', 'Ngoại ngữ', 'ngoai-ngu');
INSERT INTO `categories` VALUES (34, '2021-05-11 03:33:05', 'sbzr_lich_su.jpg', b'1', '2021-05-11 03:33:05', 'Lịch sử', 'lich-su');
INSERT INTO `categories` VALUES (33, '2021-05-11 03:32:53', 'sf01_ky_nang_song.jpg', b'1', '2021-05-11 03:32:53', 'Kỹ năng sống', 'ky-nang-song');
INSERT INTO `categories` VALUES (32, '2021-05-11 03:32:36', 'WHDh_tu_dien.jpg', b'1', '2021-05-11 03:32:36', 'Từ điển', 'tu-dien');
INSERT INTO `categories` VALUES (31, '2021-05-11 03:32:17', 'yYkP_tham_khao.jpg', b'1', '2021-05-11 03:32:17', 'Tham khảo', 'tham-khao');
INSERT INTO `categories` VALUES (30, '2021-05-11 03:31:48', 'hGxb_kinh_di.jpg', b'1', '2021-05-11 03:31:48', 'Kinh dị', 'kinh-di');
INSERT INTO `categories` VALUES (29, '2020-06-11 03:31:37', 'IkA0_tan_van.jpg', b'1', '2021-05-11 03:31:37', 'Tản văn', 'tan-van');
INSERT INTO `categories` VALUES (28, '2021-05-11 03:31:22', 'TIwd_truyen_ngan.jpg', b'1', '2020-06-11 03:31:22', 'Truyện ngắn', 'truyen-ngan');
INSERT INTO `categories` VALUES (36, '2021-05-11 03:33:32', '22mg_cong_nghe_thong_tin.jpg', b'1', '2021-05-11 03:33:32', 'Công nghệ thông tin', 'cong-nghe-thong-tin');

-- ----------------------------
-- Table structure for contacts
-- ----------------------------
DROP TABLE IF EXISTS `contacts`;
CREATE TABLE `contacts`  (
  `id` bigint(20) NOT NULL AUTO_INCREMENT,
  `created_date` datetime(0) NULL DEFAULT NULL,
  `email` varchar(255) CHARACTER SET utf8 COLLATE utf8_general_ci NULL DEFAULT NULL,
  `message` varchar(255) CHARACTER SET utf8 COLLATE utf8_general_ci NULL DEFAULT NULL,
  `modified_date` datetime(0) NULL DEFAULT NULL,
  `name` varchar(255) CHARACTER SET utf8 COLLATE utf8_general_ci NULL DEFAULT NULL,
  `phone` varchar(255) CHARACTER SET utf8 COLLATE utf8_general_ci NULL DEFAULT NULL,
  `subject` varchar(255) CHARACTER SET utf8 COLLATE utf8_general_ci NULL DEFAULT NULL,
  PRIMARY KEY (`id`) USING BTREE
) ENGINE = MyISAM AUTO_INCREMENT = 3 CHARACTER SET = utf8 COLLATE = utf8_general_ci ROW_FORMAT = Dynamic;

-- ----------------------------
-- Records of contacts
-- ----------------------------
INSERT INTO `contacts` VALUES (1, '2021-06-09 13:53:43', 'dat@gmail.com', 'Lam sao co the muon sach', '2021-06-09 13:53:43', 'Đạt Quang', '0375221796', 'Thac mac muon sach');
INSERT INTO `contacts` VALUES (2, '2021-06-09 15:49:26', 'dat@gmail.com', 'aa', '2021-06-09 15:49:26', 'Đạt Quang', '0375221796', 'Thac mac muon sach');

-- ----------------------------
-- Table structure for posts
-- ----------------------------
DROP TABLE IF EXISTS `posts`;
CREATE TABLE `posts`  (
  `id` bigint(20) NOT NULL AUTO_INCREMENT,
  `content` text CHARACTER SET utf8 COLLATE utf8_general_ci NULL DEFAULT NULL,
  `created_date` datetime(0) NULL DEFAULT NULL,
  `description` text CHARACTER SET utf8 COLLATE utf8_general_ci NULL DEFAULT NULL,
  `highlight` bit(1) NULL DEFAULT NULL,
  `image` varchar(255) CHARACTER SET utf8 COLLATE utf8_general_ci NULL DEFAULT NULL,
  `is_active` bit(1) NULL DEFAULT NULL,
  `modified_date` datetime(0) NULL DEFAULT NULL,
  `name` varchar(255) CHARACTER SET utf8 COLLATE utf8_general_ci NULL DEFAULT NULL,
  `slug` varchar(255) CHARACTER SET utf8 COLLATE utf8_general_ci NULL DEFAULT NULL,
  `viewed` bigint(20) NULL DEFAULT NULL,
  PRIMARY KEY (`id`) USING BTREE
) ENGINE = MyISAM AUTO_INCREMENT = 5 CHARACTER SET = utf8 COLLATE = utf8_general_ci ROW_FORMAT = Dynamic;

-- ----------------------------
-- Records of posts
-- ----------------------------
INSERT INTO `posts` VALUES (4, '<h2 style=\"text-align:justify\"><span style=\"font-size:16px\">Nâng cao kiến thức</span></h2>\r\n\r\n<p style=\"text-align:justify\"><span style=\"font-size:16px\">Sách chính là kho tàng kiến thức vô tận về mọi lĩnh vực trong cuộc sống của những người đi trước viết ra kể lại và truyền đạt cho thế hệ.</span></p>\r\n\r\n<p style=\"text-align:justify\"><span style=\"font-size:16px\">Các cuốn tiểu thuyết dày cộp không hề vô bổ, chúng cho ta biết được cuộc đời, các sự kiện hay biến cố của một nhân vật, đây có thể là một bài học quý giá cho chúng ta trong thực tế cuộc sống.</span></p>\r\n\r\n<p style=\"text-align:justify\"><span style=\"font-size:16px\">Thời gian để đọc hết một cuốn sách này chắc chắn sẽ ít hơn rất nhiều so với thời gian để sống và trải nghiệm thực tế giống như nhân vật trong sách.&nbsp;Bài học họ phải trải qua cả đời mới rút ra được thì bạn có thể tiếp thu qua những lần lật từng trang sách. Vậy có xứng đáng không. Chưa kể đến các cuốn sách viết về khoa học, các cuốn văn học trong nước, nước ngoài, các cuốn sách viết về gia đình, tình cảm,sách nói về doanh nhân, kinh doanh, rất rất nhiều.</span></p>\r\n\r\n<p style=\"text-align:justify\"><span style=\"font-size:16px\">Tất cả đều chứa đựng nguồn kiến tinh hoa văn hóa của nhân loại. Đọc sách dù ít dù nhiều hay đọc về lĩnh vực gì bạn đều sẽ nhận được những trải nghiệm, không ai dám chắc chăm đọc sách chưa chắc đã thành công nhưng những người thành công lớn đều ham đọc sách. Có thêm nhiều kiến thức mới là một trong những lợi ích của việc đọc sách mang lại.</span></p>\r\n\r\n<h2 style=\"text-align:justify\"><span style=\"font-size:16px\"><em>Rèn luyện sự tập trung và khả năng tư duy, phân tích&nbsp;</em></span></h2>\r\n\r\n<p style=\"text-align:justify\"><span style=\"font-size:16px\"><img alt=\"\" class=\"aligncenter size-full wp-image-1283\" src=\"http://vietmission.vn/wp-content/uploads/2019/12/44bfcb82-a4ad-11e6-bfeb-8eccd64ac542.jpg\" style=\"border-style:none; box-sizing:border-box; clear:both; display:block; height:auto; margin:0px auto; max-width:100%; opacity:1; transition:opacity 1s ease 0s; vertical-align:middle; width:700px\" /></span></p>\r\n\r\n<p style=\"text-align:justify\"><span style=\"font-size:16px\">Khi đọc sách&nbsp;tâm trí và các giác quan của bạn đều dồn về đôi mắt theo dõi đọc từng chữ, từng dòng. Bàn tay lật lật từng trang giấy và trong đầu tập trung vào những kiến thức mà cuốn sách đang nhắc đến hay suy nghĩ theo dõi diễn biến tiếp theo của câu truyện mà không cần phải quan tâm tới mọi thứ xung quanh, chỉ cần não và mắt hoạt động.</span></p>\r\n\r\n<p style=\"text-align:justify\"><span style=\"font-size:16px\">Với những cuốn sách hay bổ ích về lĩnh vực bạn quan tâm, bạn đọc chăm chú từng trang từng trang không rời mắt, đây là cách rèn luyện được sự tập trung cao độ của bộ não đồng thời bản thân mình cũng đang vừa đọc vừa tư duy, phân tích theo diễn biến câu chuyện.</span></p>\r\n\r\n<p style=\"text-align:justify\"><span style=\"font-size:16px\">Chính vì vậy thời gian đọc một cuốn sách hay là khoảng thời gian bạn đang rèn luyện sự tập trung và khả năng tư duy phân tích của bản thân rất tốt.</span></p>\r\n\r\n<h2 style=\"text-align:justify\"><span style=\"font-size:16px\"><em>Mở rộng vốn từ vựng&nbsp;</em></span></h2>\r\n\r\n<p style=\"text-align:justify\"><span style=\"font-size:16px\"><img alt=\"\" class=\"aligncenter size-full wp-image-1286\" src=\"http://vietmission.vn/wp-content/uploads/2019/12/sucmanhcuasachdoanhnhansaigon-1519792680_1519792690_1519792769.jpg\" style=\"border-style:none; box-sizing:border-box; clear:both; display:block; height:auto; margin:0px auto; max-width:100%; opacity:1; transition:opacity 1s ease 0s; vertical-align:middle; width:750px\" /></span></p>\r\n\r\n<p style=\"text-align:justify\"><span style=\"font-size:16px\">Vốn từ của bản thân nhiều lên, giao tiếp nói chuyện với mọi người một cách hoạt ngôn cởi mở và cuốn hút là một trong những lợi ích tuyệt vời mà việc đọc sách mang lại. Tri thức trong sách được diễn đạt rất xúc tích, logic dễ hiểu và không kém phần thu hút cho người đọc.</span></p>\r\n\r\n<p style=\"text-align:justify\"><span style=\"font-size:16px\">Nên khi đọc càng nhiều bạn sẽ có thêm càng nhiều kiến thức và học&nbsp;được cách diễn đạt, kể chuyện logic thu hút người nghe nhờ khả năng tư duy với vốn từ ngữ phong phú hơn. Đồng thời khả năng viết cũng tiến bộ rõ rệt đấy.</span></p>\r\n\r\n<h2 style=\"text-align:justify\"><span style=\"font-size:16px\"><em>Cải thiện trí nhớ</em></span></h2>\r\n\r\n<p style=\"text-align:justify\"><span style=\"font-size:16px\"><img alt=\"\" class=\"aligncenter size-full wp-image-1285\" src=\"http://vietmission.vn/wp-content/uploads/2019/12/caithientrinho.jpg\" style=\"border-style:none; box-sizing:border-box; clear:both; display:block; height:auto; margin:0px auto; max-width:100%; opacity:1; transition:opacity 1s ease 0s; vertical-align:middle; width:620px\" /></span></p>\r\n\r\n<p style=\"text-align:justify\"><span style=\"font-size:16px\">Khi bạn đọc sách bạn phải ghi nhớ các thông tin nhân vật, sắc thái biểu cảm qua lời kể nhân vật, hay các tình tiết hình thành nên lối sống qua mỗi câu chuyện. Có thể là hơi nhiều nhưng dần dần não bộ sẽ ghi nhớ được hết nhờ sự rèn luyện theo thời gian.Giống như một thói quen, lặp đi lặp lại nhiều lần bạn sẽ quen ngay với việc ghi nhớ thôi mà. Rất kì diệu, mỗi ký ức mới sẽ khiến não tạo ra nếp nhăn mới và củng cố nếp nhăn cũ, hỗ trợ việc nhớ lại và cân bằng cảm xúc. Thật thú vị phải không?</span></p>\r\n\r\n<p style=\"text-align:justify\"><span style=\"font-size:16px\">Các nghiên cứu đã chỉ ra rằng, đọc sách giúp kích thích não cải thiện trí nhớ tốt. Sự kích thích thần kinh này giúp làm chậm lại tiến độ căn bệnh Alzheimer và mất trí nhớ.</span></p>\r\n\r\n<h2 style=\"text-align:justify\"><span style=\"font-size:16px\"><em>Hình thức giải trí, giảm stress</em></span></h2>\r\n\r\n<p style=\"text-align:justify\"><span style=\"font-size:16px\"><img alt=\"\" class=\"aligncenter size-full wp-image-1287\" src=\"http://vietmission.vn/wp-content/uploads/2019/12/cang-thang-than-kinh-stress.jpg\" style=\"border-style:none; box-sizing:border-box; clear:both; display:block; height:auto; margin:0px auto; max-width:100%; opacity:1; transition:opacity 1s ease 0s; vertical-align:middle; width:900px\" /></span></p>\r\n\r\n<p style=\"text-align:justify\"><span style=\"font-size:16px\">Có rất nhiều loại sách từ tiểu thuyết, tâm lý tình cảm cho đến truyện cười, truyện kể về cuộc đời của một người thú vị…các đầu sách này không quá nhiều kiến thức và bạn cũng không cần phải suy nghĩ quá nhiều mới có thể hiểu như truyện trinh thám hay các sách về kinh tế.</span></p>\r\n\r\n<p style=\"text-align:justify\"><span style=\"font-size:16px\">Chúng giúp bạn giải trí và đem lại tiếng cười sự sảng khoái nhờ lối viết hóm hỉnh, tự nhiên mà chân thật.</span></p>\r\n\r\n<p style=\"text-align:justify\"><span style=\"font-size:16px\">Nhiều người có thể tốn khá nhiều tiền mua những cuốn sách chỉ để tham khảo một vài phần trong đó. Nhưng với một số người không có điều kiện hoặc kinh phí thấp, bạn có thể tìm đến thư viện và hòa mình vào kho tàng sách sẵn có.</span></p>\r\n\r\n<p style=\"text-align:justify\"><span style=\"font-size:16px\">Tất cả các vấn đề trong cuộc sống, xã hội mà bạn chưa hề biết đến đều được cập nhập ở các cuốn sách mới mà bạn sẽ không thể nào đọc hết được. Không chỉ có vậy,đọc sách sẽ giúp bạn thoải mái, thư giãn đầu óc sau những tháng ngày mệt nhọc, bù đầu với công việc hay học hành.</span></p>\r\n\r\n<p style=\"text-align:justify\"><span style=\"font-size:16px\">Lúc này bản thân bạn chỉ cần cảm nhận và giống như một người đang đứng ngoài chứng kiến một bộ phim hấp dẫn, mang tính giải trí. Có đôi lúc để cảm xúc vui buồn tức giận thả hồn vào câu chuyện vậy thôi.</span></p>\r\n\r\n<h2 style=\"text-align:justify\"><span style=\"font-size:16px\"><em>Gia tăng tuổi thọ</em></span></h2>\r\n\r\n<p style=\"text-align:justify\"><span style=\"font-size:16px\"><img alt=\"\" class=\"aligncenter size-full wp-image-1288\" src=\"http://vietmission.vn/wp-content/uploads/2019/12/Khoa-hoc-chung-minh-doc-sach-nhieu-giup-song-lau-hon-1.jpg\" style=\"border-style:none; box-sizing:border-box; clear:both; display:block; height:auto; margin:0px auto; max-width:100%; opacity:1; transition:opacity 1s ease 0s; vertical-align:middle; width:620px\" /></span></p>\r\n\r\n<p style=\"text-align:justify\"><span style=\"font-size:16px\">“Đọc sách sẽ giúp kéo dài tuổi thọ của bạn”. Bạn có thực sự tin vào điều đó không? Theo một nghiên cứu khoa học được đăng trên tạp chí Social Science &amp; Medicine đã chỉ ra rằng chỉ cần 30 phút đọc sách mỗi ngày thôi là bạn có thể nâng cao tuổi thọ của mình lên từ hai đến ba năm đồng thời cũng giúp chất lượng cuộc sống cải thiện lên một cách rõ rệt.</span></p>\r\n\r\n<h2 style=\"text-align:justify\"><span style=\"font-size:16px\"><em>Cải thiện kĩ năng viết lách</em></span></h2>\r\n\r\n<p style=\"text-align:justify\"><span style=\"font-size:16px\"><img alt=\"\" class=\"aligncenter size-full wp-image-1290\" src=\"http://vietmission.vn/wp-content/uploads/2019/12/452830868-0f1406ba87-b-1468843811422-crop-1468843822031.jpg\" style=\"border-style:none; box-sizing:border-box; clear:both; display:block; height:auto; margin:0px auto; max-width:100%; opacity:1; transition:opacity 1s ease 0s; vertical-align:middle; width:700px\" /></span></p>\r\n\r\n<p style=\"text-align:justify\"><span style=\"font-size:16px\">Một trong số lợi ích của việc đọc sách không thể không kể đến đó là giúp người đọc hoàn thiện kĩ năng viết lách của bản thân. Ông cha ta có câu “Phong ba bão táp bão táp không bằng ngữ pháp Việt Nam”.</span></p>\r\n\r\n<p style=\"text-align:justify\"><span style=\"font-size:16px\">Có bạn nào tự nhủ với chính mình rằng mình có thể viết chính xác toàn bộ số từ ngữ trong quyển từ điển Việt Nam không ? Tôi dám chắc với bạn: Điều đó là không thể nhé đâu.</span></p>\r\n\r\n<p style=\"text-align:justify\"><span style=\"font-size:16px\">Khi bạn tiếp xúc với các tác phẩm văn học, bạn sẽ được trau dồi được lượng lớn vốn từ vựng, cách quan sát nhịp, trạng thái, và phong cách khi viết lách của từng tác giả. Điều đó sẽ giúp văn phong của bạn tiến bộ vượt bậc.</span></p>\r\n\r\n<h2 style=\"text-align:justify\"><span style=\"font-size:16px\"><em>Kiểm soát cảm xúc của bản thân</em></span></h2>\r\n\r\n<p style=\"text-align:justify\"><span style=\"font-size:16px\"><img alt=\"\" class=\"aligncenter size-full wp-image-1291\" src=\"http://vietmission.vn/wp-content/uploads/2019/12/2191_6-cuon-sach-nen-doc-de-kiem-soat-cam-xuc.jpg\" style=\"border-style:none; box-sizing:border-box; clear:both; display:block; height:auto; margin:0px auto; max-width:100%; opacity:1; transition:opacity 1s ease 0s; vertical-align:middle; width:1236px\" /></span></p>\r\n\r\n<p style=\"text-align:justify\"><span style=\"font-size:16px\">Những cảm xúc đời thường vui, buồn,&nbsp;công việc, gia đình, con cái, chắc chắn bạn đã, sẽ trải qua trong cuộc sống thường ngày. Thế nhưng, bạn xử lý những cảm xúc đó của mình như thế nào? Nhờ vào những cuốn sách dạy tâm lý nhân vật, bản thân sẽ hiểu được và có suy nghĩ tích cực hơn, cuộc sống dần trở nên có ý nghĩa hơn. Quả thực, đọc sách là một cách tuyệt vời giúp bạn điều chế cảm xúc của bản thân. Sách khiến bạn nhận thức được vấn đề đang xảy ra từ đó bạn có thể xác định, phân tích và nhìn nhận chính xác tình huống cũng như trạng thái hiện tại. Qua đó, việc hướng đến, chấp nhận và điều hướng cảm xúc của mình sẽ trở nên dễ dàng hơn bao giờ hết.</span></p>\r\n\r\n<h2 style=\"text-align:justify\"><span style=\"font-size:16px\"><em>Tạo thói quen lành mạnh</em></span></h2>\r\n\r\n<p style=\"text-align:justify\"><span style=\"font-size:16px\"><img alt=\"\" class=\"aligncenter size-full wp-image-1292\" src=\"http://vietmission.vn/wp-content/uploads/2019/12/so_thich_phat_trien_nao_bo_2.jpg\" style=\"border-style:none; box-sizing:border-box; clear:both; display:block; height:auto; margin:0px auto; max-width:100%; opacity:1; transition:opacity 1s ease 0s; vertical-align:middle; width:660px\" /></span></p>\r\n\r\n<p style=\"text-align:justify\"><span style=\"font-size:16px\">Tuổi trẻ là khoảng thời gian tuyệt với nhất của mỗi con người. Thế nhưng, giới trẻ hiện nay lại đang có rất nhiều thói quen xấu mà có thể gây ảnh hưởng lớn đến tương lai sau này như : lười biếng, nghiện game, nghiện smartphone, mạng xã hội, tư duy thụ động, thờ ơ vô cảm,…..</span></p>\r\n\r\n<p style=\"text-align:justify\"><span style=\"font-size:16px\">Đây cũng là lợi ích của việc đọc sách sẽ giúp các bạn thoát khỏi những thói quen xấu đó và tạo dựng cho bạn một thói quen mới lành mạnh hơn, bổ ích hơn.</span></p>\r\n', '2021-06-24 22:10:14', 'Đọc sách vẫn luôn là một thói quen bổ ích được nhiều người yêu thích nhưng bên cạnh việc cung cấp  lượng lớn kiến thức thì đọc sách còn mang lại nhiều lợi ích hơn thế.', b'1', '816_20150729211514manreadingbookhipster.jpeg', b'1', '2021-06-24 22:10:14', 'Đọc sách và những lợi ích mang lại?', 'oc-sach-va-nhung-loi-ich-mang-lai', 0);
INSERT INTO `posts` VALUES (2, '<div style=\"margin: 0px; padding: 0px; border: 0px; font-variant-numeric: inherit; font-variant-east-asian: inherit; font-stretch: inherit; font-size: 18px; line-height: inherit; font-family: &quot;Source Sans Pro&quot;; vertical-align: baseline; color: rgb(87, 89, 95);\">Đã từ lâu sách luôn là một món ăn tinh thần không thể thiếu trong cuộc sống hằng ngày của chúng ta. Sách là kho tàng tri thức của nhân loại đem lại cho con người sự hiểu biết về thế giới xung quanh và về chính con người.</div>\r\n\r\n<div style=\"margin: 0px; padding: 0px; border: 0px; font-variant-numeric: inherit; font-variant-east-asian: inherit; font-stretch: inherit; font-size: 18px; line-height: inherit; font-family: &quot;Source Sans Pro&quot;; vertical-align: baseline; color: rgb(87, 89, 95);\">Nếu chúng ta sống mà thiếu bạn thì cũng như thiếu sách. Vì vậy, nhận định về sách của M.Go-rơ-ki đã nói: \'hãy yêu sách là nó nguồn kiến thức, chỉ có kiến thức mới là con đường sống\'.</div>\r\n\r\n<div style=\"margin: 0px; padding: 0px; border: 0px; font-variant-numeric: inherit; font-variant-east-asian: inherit; font-stretch: inherit; font-size: 18px; line-height: inherit; font-family: &quot;Source Sans Pro&quot;; vertical-align: baseline; color: rgb(87, 89, 95); text-align: center;\"><img alt=\"\" src=\"http://webhoctot.com/app/webroot/uploads/images/10/09/vi-sao-sach-la-kho-tang-tri-tue-cua-nhan-loai.jpg\" style=\"border:0px; font:inherit; height:188px; margin:0px; max-width:100%; padding:0px; vertical-align:baseline; width:268px\" /></div>\r\n\r\n<div style=\"margin: 0px; padding: 0px; border: 0px; font-variant-numeric: inherit; font-variant-east-asian: inherit; font-stretch: inherit; font-size: 18px; line-height: inherit; font-family: &quot;Source Sans Pro&quot;; vertical-align: baseline; color: rgb(87, 89, 95);\">Người đời thường nói \'Bộ lông làm đẹp con công, tri thức làm đẹp con người\'. Vì nếu không có kiến thức thì con người không thể tồn tại trong xã hội đang phát triển càn có tri thức. Câu nói của M.Go-rơ-ki mang tính triết lí cao, nó như một lời khuyên đúng đắn: \' hãy yêu sách như yêu chính cuộc sống của chúng ta vì con người cần có kiến thức thì mới đứng vững trên con đường đời, quyết định đến tương lai của mỗi chúng ta. Vì vậy câu nói của ông có ý nghĩa rất lớn.</div>\r\n\r\n<div style=\"margin: 0px; padding: 0px; border: 0px; font-variant-numeric: inherit; font-variant-east-asian: inherit; font-stretch: inherit; font-size: 18px; line-height: inherit; font-family: &quot;Source Sans Pro&quot;; vertical-align: baseline; color: rgb(87, 89, 95);\">Trong đời sống xã hội hiện nay thì sách báo là một nguồn thông tin quan trong và cần thiết để mọi người có thể biết được mọi diễn biến xảy ra trong và ngoài nước, đồng thời tiếp thu được kiến thức lạ.</div>\r\n\r\n<div style=\"margin: 0px; padding: 0px; border: 0px; font-variant-numeric: inherit; font-variant-east-asian: inherit; font-stretch: inherit; font-size: 18px; line-height: inherit; font-family: &quot;Source Sans Pro&quot;; vertical-align: baseline; color: rgb(87, 89, 95);\">Sách là nơi con ngwoif lưu trữ và truyền lại những kiến thức lịch sử. Sách có sức sống phi thường vượt qua mọi giới hạn không gian và thời gian đưa chúng ta tìm về với cội nguồn của dân tộc để nhắc nhở mỗi người dân Việt Nam biết tự hào về những trong sử hào hùng của dân tộc, từ đó biết kế thừa truyền thống và phát huy.</div>\r\n\r\n<div style=\"margin: 0px; padding: 0px; border: 0px; font-variant-numeric: inherit; font-variant-east-asian: inherit; font-stretch: inherit; font-size: 18px; line-height: inherit; font-family: &quot;Source Sans Pro&quot;; vertical-align: baseline; color: rgb(87, 89, 95);\">Ví dụ như sách Lịch sử Hà Nội, Việt Nam, đất nước con người, Hà nội 36 phố phường... Còn trogn giáo dục sách đem lại những kiến thức bổ ích, lí thú cho chúng em học tập và rèn luyện giúp học sinh say mê hứng thú với bài học hơn.</div>\r\n\r\n<div style=\"margin: 0px; padding: 0px; border: 0px; font-variant-numeric: inherit; font-variant-east-asian: inherit; font-stretch: inherit; font-size: 18px; line-height: inherit; font-family: &quot;Source Sans Pro&quot;; vertical-align: baseline; color: rgb(87, 89, 95);\">Bộ môn nào cũng có quyển sách giáo khoa phục vụ cho chúng em những bài học trên lớp và đi kèm là quyển sách bài tập giúp chúng em luyện tập các bài đã học. Ngoài ra còn có những quyển sách nâng cao toán, văn, lí, hóa, ... cung cấp những dạng bài tập khó hơn để giúp nâng trình độ học thức.</div>\r\n\r\n<p>&nbsp;</p>\r\n\r\n<p>&nbsp;</p>\r\n\r\n<div style=\"margin: 0px; padding: 0px; border: 0px; font-variant-numeric: inherit; font-variant-east-asian: inherit; font-stretch: inherit; font-size: 18px; line-height: inherit; font-family: &quot;Source Sans Pro&quot;; vertical-align: baseline; color: rgb(87, 89, 95);\">Sách đối với mỗi người học sinh chính là hành trang tri thức để chúng em tự tin bước vào đời. Sách còn là người bạn tâm tình đem lại những niềm vui, sự thư thái, giải trí cho mỗi người như hạt giống tâm hồn, sống để yêu thương. Sách là những chiếc chìa khóa để mở cảnh cửa trái tim, mở rộng vòng tay nhân ái.</div>\r\n\r\n<div style=\"margin: 0px; padding: 0px; border: 0px; font-variant-numeric: inherit; font-variant-east-asian: inherit; font-stretch: inherit; font-size: 18px; line-height: inherit; font-family: &quot;Source Sans Pro&quot;; vertical-align: baseline; color: rgb(87, 89, 95);\">Chính vì vậy, nhờ có sách mà con người cảm thấy thoải mái, mở rộng tầm hiểu biết của mình hơn.</div>\r\n\r\n<div style=\"margin: 0px; padding: 0px; border: 0px; font-variant-numeric: inherit; font-variant-east-asian: inherit; font-stretch: inherit; font-size: 18px; line-height: inherit; font-family: &quot;Source Sans Pro&quot;; vertical-align: baseline; color: rgb(87, 89, 95);\">Nếu như con người mà thiếu tri thức thì không khác gì những con người mu muội, thiếu hiểu biết nếu vậy thì xã hội làm sao mà phát triển, hội nhập với thế giới xung quang được. Chính vì vậy, sách như cảnh cửa thần kì mở ra chân trời tri thức mới như ảnh sáng kì diệu chiếu sáng những nơi tối tăm nhất của cuộc đời để giúp con người tìm được niềm vui trong cuộc sống để không còn những mảnh đời bất hạnh, thiếu đi tình yêu thương. Cuốn sách khiến em cảm động nhất là: \'hạt giống tâm hồn\' thức tỉnh lương tri bao con người mỗi một chương gắng bó với một câu chuyện thấm đạm tinh thần nhân đạo cao cả. Do vậy câu nói của M.Go-rơ-ki càng đúng đắn hơn.</div>\r\n\r\n<div style=\"margin: 0px; padding: 0px; border: 0px; font-variant-numeric: inherit; font-variant-east-asian: inherit; font-stretch: inherit; font-size: 18px; line-height: inherit; font-family: &quot;Source Sans Pro&quot;; vertical-align: baseline; color: rgb(87, 89, 95);\">Bên cạnh những mặt tốt thì vẫn còn tồn tại nhiều mặt xấu. Vì vậy cần phải biết chọn sách phù hợp với lứa tuổi, công việc, tuổi tác, ... Mục đích của chúng ta khi đọc sách là giải trí một cách lành mạnh, bổ sung thêm những kiến thức.</div>\r\n\r\n<div style=\"margin: 0px; padding: 0px; border: 0px; font-variant-numeric: inherit; font-variant-east-asian: inherit; font-stretch: inherit; font-size: 18px; line-height: inherit; font-family: &quot;Source Sans Pro&quot;; vertical-align: baseline; color: rgb(87, 89, 95);\">Tuy nhiên không phải lúc nào cũng đọc sách như một con mọt sách mà cứ như không đọc để rồi hành động thiếu suy nghĩ như Lão Đôn-ki-hô-tê trong tiểu thuyết cùng tên của nhà văn Xét-Van-tét. Chúng ta cần sắp xếp hợp lí về thời gian đọc sách, biết đọc đúng cách, biến kiến thức của sách thành của riêng mình. Nó sẽ là người bạn tốt cho ai biết nâng niu, trân trọng nó. Cho nên kiến thức là con đường sống cho mọi người.</div>\r\n\r\n<div style=\"margin: 0px; padding: 0px; border: 0px; font-variant-numeric: inherit; font-variant-east-asian: inherit; font-stretch: inherit; font-size: 18px; line-height: inherit; font-family: &quot;Source Sans Pro&quot;; vertical-align: baseline; color: rgb(87, 89, 95);\">Quả thật cấu nói của M.go-rơ-ki là một lời khuyên chí tình. Sách rất quý nhưng không tự đến với con người mà con người phải tìm lấy sách để đọc, ta phải đọc sách một cách ham mê và đọc với tinh thần chủ động suy nghĩ, nghiền ngẫm. Đọc và làm theo sách sẽ giúp ta trau dồi, nâng tầm hiểu biết của ta một cách cao hơn, xa hơn. Sách đúng là khi tàng trí tuệ của nhân loại là giá trị vô giá của con người.</div>\r\n', '2021-06-24 21:24:56', 'Cảm nhận của em về câu nói \'Hãy yêu sách nó là nguồn kiến thức, chỉ có kiến thức mới là con đường sống\' của M.Go-rơ-ki.', b'1', '4606_vi-sao-sach-la-kho-tang-tri-tue-cua-nhan-loai.jpg', b'1', '2021-06-24 21:24:56', 'Vì sao sách là kho tàng tri tuệ của nhân loại', 'vi-sao-sach-la-kho-tang-tri-tue-cua-nhan-loai', 0);
INSERT INTO `posts` VALUES (3, '<h2><span style=\"color:rgb(0, 128, 0); font-size:14pt\">Lý do bạn nên đọc sách để tăng cường trí nhớ?</span></h2>\r\n\r\n<p><img alt=\"\" class=\"size-full wp-image-4650\" src=\"https://benhteonao.com/wp-content/uploads/2017/08/doc-sach-giup-tang-cuong-tri-nho.jpg\" style=\"border-style:none; box-sizing:border-box; height:auto; max-width:100%; outline:none !important; vertical-align:middle; width:600px\" /></p>\r\n\r\n<p><span style=\"font-size:14pt\"><em>&nbsp; &nbsp; &nbsp; &nbsp; &nbsp; &nbsp; &nbsp; &nbsp; &nbsp;<span style=\"font-size:10pt\">&nbsp; &nbsp; &nbsp;&nbsp;<span style=\"color:rgb(0, 128, 0)\">Sách giúp tăng cường trí nhớ và khả năng tập trung</span></span></em></span></p>\r\n\r\n<p><span style=\"font-size:14pt\">Đọc sách giúp bạn tăng khả năng tư duy và kích thích thần kinh: thay vì bạn cứ để não bọ của mình tự hoạt động theo tự nhiên thì hãy kích thích nó bằng cách chăm chỉ đọc sách. Bạn đọc những cuốn sách về tư duy sẽ giúp kích thích thần kinh não bộ của bạn và giúp chúng ngăn ngừa các tác nhân của bệnh Alzheimer.</span></p>\r\n\r\n<p><span style=\"font-size:14pt\">Nhiều người chia sẻ, việc&nbsp;đọc sách cải thiện trí nhớ&nbsp;cực kỳ hiệu quả, bởi khi đọc một cuốn sách bạn sẽ không thể đơn giản như việc lướt 1 bài báo trên web được. Nó là cả 1 câu chuyện, một nội dung khá dài nên buộc bạn phải động não để ghi nhớ chúng. Đây chính là lợi ích mà việc đọc sách sẽ mang lại cho bạn khi bạn đang căng thẳng hay mệt mỏi</span></p>\r\n\r\n<p><span style=\"font-size:14pt\"><span style=\"color:rgb(0, 128, 0)\">Sách giúp não bộ xả stress, căng thẳng .</span></span></p>\r\n\r\n<p><span style=\"font-size:14pt\">Xả stress, giảm căng thẳng mệt mỏi: bạn đang phải chịu đựng những căng thẳng, mệt mỏi khi bị sếp la, mối quan hệ bạn bè, gia đình thì không được ổn thỏa cho lắm, bạn lo lắng về kinh tế… tất cả những lo lắng của bạn khiến não bộ bị căng thẳng. Chúng bắt đầu có những phản ứng làm cho bạn nhớ nhớ quên quên không rõ ràng. Bạn hãy tìm đến những cuốn sách, những cuốn tiểu thuyết, những câu truyện hay để giải khuây, hoặc chơi 1 vài game giải trí để xả stress. Những câu truyện về một nhân vật nào đó sẽ cuốn bạn theo và cuốn theo cả những căng thẳng mệt mỏi nữa, bạn sẽ bớt lo lắng về mọi thứ và cả thấy được thư giãn hơn. Điều này cũng giúp cho bạn loại trừ được những tác nhân gây đãng trí của bạn đấy.</span></p>\r\n\r\n<h4><span style=\"color:rgb(0, 128, 0); font-size:14pt\">Tăng khả năng ghi nhớ.</span></h4>\r\n\r\n<p><span style=\"font-size:14pt\">Đọc sách giúp tăng cường trí nhớ: những cuốn sách có những tuyến nhân vật phức tạp, hay nôi dung tương đối khó nhớ, bạn phải tập ghi nhớ chúng để có thể hiểu được toàn bộ nội dung câu chuyện. Hay những kiến thức khô khan về lịch sử, văn học… thì bạn cũng phải tư duy và ghi nhớ chúng để hiểu hơn ý đồ của tác giả. Chính hành động ghi nhớ kiến thức này của bạn là việc bạn yêu cầu não bộ phải hoạt động và chúng sẽ được khởi động lại và tăng cường khả năng ghi nhớ hơn.</span></p>\r\n\r\n<p><span style=\"font-size:14pt\">Tăng khả năng ghi nhớ: Bạn sẽ thấy một câu nói của ai đó quen quen và chợt nhớ ra đó là câu nói trong 1 cuốn sách mà mình đã đọc. Cách này sẽ giúp bạn tự tin về kiến thức giao tiếp. Đây là cách mà không một ngôi trường nào có thể dạy cho bạn được điều này. Bạn sẽ dễ dàng lục lại đống trí nhớ của mình về những kiến thức của mình và bắt đầu sắp xếp chúng để xây dựng thành một câu chuyện mới cho riêng bạn. Đấy chính là thành quả của việc chăm chỉ đọc sách. Và não bộ của bạn cũng được rèn luyện tư duy, chúng sẽ quen với cường độ làm việc này và dễ dàng ghi nhớ mọi thứ hơn.</span></p>\r\n\r\n<p><span style=\"font-size:14pt\">Sách giúp bạn tăng cường trí nhớ và sự tập trung: chưa ai có thể dám phủ nhận lợi ích này từ việc đọc sách cả. Trong cuộc sống hiện đại xô bồ của chúng ta có quá nhiều thứ cuốn bạn theo, nên chỉ cần bạn mất tập trung thì ngay lập tức bạn sẽ không thể giải quyết được công việc. Ví như việc bạn đang lướt web để thu thập thông tin cho một bài viết, nếu như bạn cứ bị cuốn theo những bài báo khác hoặc một tin nhắn từ một người bạn gửi đến thì bạn đã lại quên đi nhiệm vụ tìm kiếm thông tin của mình rồi. Nhưng khi đọc sách thì khác, nó đòi hỏi bạn phải tập trung, bạn phải nhập tâm và câu chuyện thì mới có thể thấm hết được ý đồ của tác giả cũng như hiểu được nó. Mỗi ngày bạn bỏ ra 30 phút để đọc sách sẽ giúp bạn cải thiện được trí nhớ và khả năng tập trung trong công việc của bạn.</span></p>\r\n\r\n<p><span style=\"font-size:14pt\">Các cuốn&nbsp;sách tăng cường trí nhớ&nbsp;đang được nhiều bạn trẻ hiện nay săn đón như: đắc nhân tâm, tôi tài giỏi bạn cũng thế… hoặc các loại sách tư duy logic. Bạn có thể tham khảo một vài cuốn sách hay và tìm mua chúng để tự mình cải thiện cái khả năng nhớ nhớ quên quên của mình nhé.</span></p>\r\n\r\n<h2><span style=\"color:rgb(0, 128, 0); font-size:14pt\">Cách hay khác giúp bạn tăng cường trí nhớ, thêm minh mẫn</span></h2>\r\n\r\n<p><span style=\"font-size:14pt\">Ngoài đọc sách, bổ sung các dược liệu có khả năng thúc đẩy lưu thông khí huyết rất có ích với việc cải thiện trí nhớ. Đồng thời bạn cũng nên chọn các sản phẩm có thể chống thoái hóa, ngăn chặn các tác nhân gây tổn thương tế bào thần kinh.</span></p>\r\n\r\n<p><img alt=\"\" class=\"size-full wp-image-5472\" src=\"https://benhteonao.com/wp-content/uploads/2018/09/bac-si-doan-chi-cuong-kham-benh-1..jpg\" style=\"border-style:none; box-sizing:border-box; height:auto; max-width:100%; outline:none !important; vertical-align:middle; width:600px\" /></p>\r\n\r\n<p><span style=\"color:rgb(0, 128, 0); font-size:10pt\"><em>Tiến sĩ, Bác sĩ Đoàn Chí Cường người bào chế thành công bài thuốc ” Phục Não Khang” điều trị bệnh teo não, suy giảm trí nhớ, sa sút trí tuệ.</em></span></p>\r\n\r\n<p><span style=\"font-size:14pt\">Sau nhiều năm nghiên cứu, Đại tá – Tiến Sĩ – Bác sĩ – Đoàn Chí Cường đã bào chế thành công bài thuốc Phục Não Khang. Sản phẩm được chiết xuất từ các thảo dược lành tính như Cây Thông đất,Thành ngạnh, Đinh lăng, Bạch quả, Rau đắng biển, Viễn chí, Lạc tiên, Tang ký sinh, Lá dâu tằm,…</span></p>\r\n', '2021-06-24 21:49:20', 'Hiện nay rất nhiều người trẻ không còn giữ thói quen đọc sách nữa, họ chỉ tìm kiếm các thông tin trên các trang mạng, các kênh tin tức điện tử. Mà họ không biết rằng, thói quen xấu này sẽ gây nguy hại đến sức khỏe não bộ của mình.', b'1', '1739_doc-sach-giup-tang-cuong-tri-nho.jpg', b'1', '2021-06-24 21:49:20', 'Tại sao đọc sách giúp tăng cường trí nhớ cho bạn?', 'tai-sao-oc-sach-giup-tang-cuong-tri-nho-cho-ban', 0);

-- ----------------------------
-- Table structure for return_details
-- ----------------------------
DROP TABLE IF EXISTS `return_details`;
CREATE TABLE `return_details`  (
  `id` bigint(20) NOT NULL AUTO_INCREMENT,
  `indemnity` bigint(20) NULL DEFAULT NULL,
  `quantity` int(11) NULL DEFAULT NULL,
  `quantity_borrow` int(11) NULL DEFAULT NULL,
  `book_id` bigint(20) NULL DEFAULT NULL,
  `return_id` bigint(20) NULL DEFAULT NULL,
  PRIMARY KEY (`id`) USING BTREE,
  INDEX `FK3y7iqf2h4fqmbsh1pih7ov5oj`(`book_id`) USING BTREE,
  INDEX `FKiiiqjic4e9v821rx1tdy5s8w3`(`return_id`) USING BTREE
) ENGINE = MyISAM AUTO_INCREMENT = 17 CHARACTER SET = utf8 COLLATE = utf8_general_ci ROW_FORMAT = Fixed;

-- ----------------------------
-- Records of return_details
-- ----------------------------
INSERT INTO `return_details` VALUES (1, 0, 1, 1, 1001, 1);
INSERT INTO `return_details` VALUES (2, 0, 1, 1, 1001, 2);
INSERT INTO `return_details` VALUES (3, 0, 1, 1, 1001, 3);
INSERT INTO `return_details` VALUES (4, 65000, 1, 2, 1005, 3);
INSERT INTO `return_details` VALUES (5, 0, 1, 1, 1001, 4);
INSERT INTO `return_details` VALUES (6, 0, 1, 1, 1001, 4);
INSERT INTO `return_details` VALUES (7, 0, 1, 1, 1001, 4);
INSERT INTO `return_details` VALUES (8, 0, 1, 1, 1001, 5);
INSERT INTO `return_details` VALUES (9, 0, 1, 1, 1001, 5);
INSERT INTO `return_details` VALUES (10, 0, 1, 1, 1001, 5);
INSERT INTO `return_details` VALUES (11, 0, 1, 1, 1017, 6);
INSERT INTO `return_details` VALUES (12, 0, 1, 1, 1001, 7);
INSERT INTO `return_details` VALUES (13, 65000, 1, 2, 1005, 7);
INSERT INTO `return_details` VALUES (14, 0, 1, 1, 1001, 8);
INSERT INTO `return_details` VALUES (15, 0, 1, 1, 1007, 10);
INSERT INTO `return_details` VALUES (16, 0, 1, 1, 1007, 9);

-- ----------------------------
-- Table structure for returns
-- ----------------------------
DROP TABLE IF EXISTS `returns`;
CREATE TABLE `returns`  (
  `id` bigint(20) NOT NULL AUTO_INCREMENT,
  `created_date` datetime(0) NULL DEFAULT NULL,
  `deadline` datetime(0) NULL DEFAULT NULL,
  `fine` bigint(20) NULL DEFAULT NULL,
  `indemnity` bigint(20) NULL DEFAULT NULL,
  `modified_date` datetime(0) NULL DEFAULT NULL,
  `total` bigint(20) NULL DEFAULT NULL,
  `borrow_id` bigint(20) NULL DEFAULT NULL,
  `user_id` bigint(20) NULL DEFAULT NULL,
  PRIMARY KEY (`id`) USING BTREE,
  INDEX `FKvwjwcsgx96v0p6len1enqr2m`(`borrow_id`) USING BTREE,
  INDEX `FKof2cd2g96d3xgt0lnqbrydgvx`(`user_id`) USING BTREE
) ENGINE = MyISAM AUTO_INCREMENT = 11 CHARACTER SET = utf8 COLLATE = utf8_general_ci ROW_FORMAT = Fixed;

-- ----------------------------
-- Records of returns
-- ----------------------------
INSERT INTO `returns` VALUES (1, '2021-06-09 15:50:58', '2021-06-12 00:00:00', 0, 0, '2021-06-09 15:50:58', 3000, 1, 2);
INSERT INTO `returns` VALUES (2, '2021-06-29 23:05:33', '2021-06-18 00:00:00', 50000, 0, '2021-06-29 23:05:33', 55000, 2, 2);
INSERT INTO `returns` VALUES (5, '2021-06-29 23:24:52', '2021-06-30 00:00:00', 0, 0, '2021-06-29 23:24:52', 1000, 5, 2);
INSERT INTO `returns` VALUES (6, '2021-06-29 23:28:33', '2021-07-02 00:00:00', 0, 0, '2021-06-29 23:28:33', 3000, 6, 2);
INSERT INTO `returns` VALUES (7, '2021-06-29 23:43:34', '2021-06-30 00:00:00', 0, 65000, '2021-06-29 23:43:34', 66000, 3, 2);
INSERT INTO `returns` VALUES (8, '2021-06-29 23:45:12', '2021-07-03 00:00:00', 0, 0, '2021-06-29 23:45:12', 4000, 7, 2);
INSERT INTO `returns` VALUES (9, '2021-06-30 13:14:01', '2021-07-08 00:00:00', 0, 0, '2021-06-30 13:14:01', 9000, 8, 2);
INSERT INTO `returns` VALUES (10, '2021-06-30 13:14:01', '2021-07-08 00:00:00', 0, 0, '2021-06-30 13:14:01', 9000, 8, 2);

-- ----------------------------
-- Table structure for roles
-- ----------------------------
DROP TABLE IF EXISTS `roles`;
CREATE TABLE `roles`  (
  `id` bigint(20) NOT NULL AUTO_INCREMENT,
  `name` varchar(255) CHARACTER SET utf8 COLLATE utf8_general_ci NULL DEFAULT NULL,
  PRIMARY KEY (`id`) USING BTREE
) ENGINE = MyISAM AUTO_INCREMENT = 3 CHARACTER SET = utf8 COLLATE = utf8_general_ci ROW_FORMAT = Dynamic;

-- ----------------------------
-- Records of roles
-- ----------------------------
INSERT INTO `roles` VALUES (1, 'ADMIN');
INSERT INTO `roles` VALUES (2, 'USER');

-- ----------------------------
-- Table structure for rules
-- ----------------------------
DROP TABLE IF EXISTS `rules`;
CREATE TABLE `rules`  (
  `id` bigint(20) NOT NULL AUTO_INCREMENT,
  `content` varchar(255) CHARACTER SET utf8 COLLATE utf8_general_ci NULL DEFAULT NULL,
  `created_date` datetime(0) NULL DEFAULT NULL,
  `modified_date` datetime(0) NULL DEFAULT NULL,
  `title` varchar(255) CHARACTER SET utf8 COLLATE utf8_general_ci NULL DEFAULT NULL,
  PRIMARY KEY (`id`) USING BTREE
) ENGINE = MyISAM AUTO_INCREMENT = 5 CHARACTER SET = utf8 COLLATE = utf8_general_ci ROW_FORMAT = Dynamic;

-- ----------------------------
-- Records of rules
-- ----------------------------
INSERT INTO `rules` VALUES (1, 'Mượn sách 1k/cuốn', '2021-05-11 04:10:43', '2021-06-16 19:47:00', 'Giá mượn sách');
INSERT INTO `rules` VALUES (2, 'Trễ 1 ngày, tính thêm 5k/cuốn', '2021-05-11 04:11:07', '2021-05-11 04:11:07', 'Trả trể');
INSERT INTO `rules` VALUES (3, 'Nếu làm mất hoặc hư hỏng thì đền bù 100% giá trị sách', '2021-05-11 04:11:36', '2021-05-11 04:11:36', 'Đền bù');
INSERT INTO `rules` VALUES (4, 'Chưa trả sách thì không thể mượn được', '2021-06-16 19:46:48', '2021-06-16 19:46:48', 'Mượn sách');

-- ----------------------------
-- Table structure for slides
-- ----------------------------
DROP TABLE IF EXISTS `slides`;
CREATE TABLE `slides`  (
  `id` bigint(20) NOT NULL AUTO_INCREMENT,
  `content` varchar(255) CHARACTER SET utf8 COLLATE utf8_general_ci NULL DEFAULT NULL,
  `created_date` datetime(0) NULL DEFAULT NULL,
  `description` varchar(255) CHARACTER SET utf8 COLLATE utf8_general_ci NULL DEFAULT NULL,
  `image` varchar(255) CHARACTER SET utf8 COLLATE utf8_general_ci NULL DEFAULT NULL,
  `is_active` bit(1) NULL DEFAULT NULL,
  `link` varchar(255) CHARACTER SET utf8 COLLATE utf8_general_ci NULL DEFAULT NULL,
  `modified_date` datetime(0) NULL DEFAULT NULL,
  `name` varchar(255) CHARACTER SET utf8 COLLATE utf8_general_ci NULL DEFAULT NULL,
  PRIMARY KEY (`id`) USING BTREE
) ENGINE = MyISAM AUTO_INCREMENT = 3 CHARACTER SET = utf8 COLLATE = utf8_general_ci ROW_FORMAT = Dynamic;

-- ----------------------------
-- Records of slides
-- ----------------------------
INSERT INTO `slides` VALUES (1, '', '2021-06-24 21:21:47', 'Hãy yêu sách nó là nguồn kiến thức, chỉ có kiến thức mới là con đường sống', '9544_671822c2f63dd5f65d8fd15c9710420b.jpg', b'1', 'http://localhost:9090/post/vi-sao-sach-la-kho-tang-tri-tue-cua-nhan-loai', '2021-06-24 21:45:23', 'Sách là kho tàng trí tuệ của nhân loại');
INSERT INTO `slides` VALUES (2, '', '2021-06-24 21:49:33', 'Tại sao bạn lại không thử tìm những cuốn sách giúp cải thiện trí nhớ của mình và hình thành thói quen đọc sách cho mình.', '5098_banner-of-colored-book-columns-on-the-sides-free-photo.jpg', b'1', 'http://localhost:9090/post/tai-sao-oc-sach-giup-tang-cuong-tri-nho-cho-ban', '2021-06-24 21:49:33', 'Đọc sách giúp tăng cường trí nhớ cho bạn');

-- ----------------------------
-- Table structure for users
-- ----------------------------
DROP TABLE IF EXISTS `users`;
CREATE TABLE `users`  (
  `id` bigint(20) NOT NULL AUTO_INCREMENT,
  `address` varchar(255) CHARACTER SET utf8 COLLATE utf8_general_ci NULL DEFAULT NULL,
  `birthday` datetime(0) NULL DEFAULT NULL,
  `created_date` datetime(0) NULL DEFAULT NULL,
  `email` varchar(255) CHARACTER SET utf8 COLLATE utf8_general_ci NULL DEFAULT NULL,
  `gender` bit(1) NULL DEFAULT NULL,
  `modified_date` datetime(0) NULL DEFAULT NULL,
  `name` varchar(255) CHARACTER SET utf8 COLLATE utf8_general_ci NULL DEFAULT NULL,
  `password` varchar(255) CHARACTER SET utf8 COLLATE utf8_general_ci NULL DEFAULT NULL,
  `phone` varchar(255) CHARACTER SET utf8 COLLATE utf8_general_ci NULL DEFAULT NULL,
  `username` varchar(255) CHARACTER SET utf8 COLLATE utf8_general_ci NULL DEFAULT NULL,
  `enabled` bit(1) NULL DEFAULT NULL,
  `role` varchar(255) CHARACTER SET utf8 COLLATE utf8_general_ci NULL DEFAULT NULL,
  `image` varchar(255) CHARACTER SET utf8 COLLATE utf8_general_ci NULL DEFAULT NULL,
  `reset_token` varchar(255) CHARACTER SET utf8 COLLATE utf8_general_ci NULL DEFAULT NULL,
  PRIMARY KEY (`id`) USING BTREE
) ENGINE = MyISAM AUTO_INCREMENT = 8 CHARACTER SET = utf8 COLLATE = utf8_general_ci ROW_FORMAT = Dynamic;

-- ----------------------------
-- Records of users
-- ----------------------------
INSERT INTO `users` VALUES (1, NULL, NULL, NULL, '17520334@gmail.com', NULL, NULL, 'admin', '$2a$10$GyGiVV9d.UimXLGrkccak.qzykFWFLBU54qN5/tPg/i0BNH63up8W', NULL, 'admin', b'1', 'admin', NULL, NULL);
INSERT INTO `users` VALUES (2, 'ĐH Công nghệ thông tin', '2021-06-02 00:00:00', NULL, 'datpro26111999@gmail.com', b'1', '2021-06-30 07:46:36', 'Đạt Quang', '$2a$10$1R5Sc0x2q051o8TJPndgYuFjEJR2fW.GtO8ZlXqabRQkVcSotsRUy', '0375221796', 'user', b'1', 'user', NULL, NULL);
INSERT INTO `users` VALUES (6, 'ĐH Công nghệ thông tin', '2021-06-15 00:00:00', '2021-06-29 23:46:48', 'sang@gmail.com', b'1', '2021-06-29 23:46:48', 'Trương Hữu Sang', '$2a$10$bXaz0AHIIjSXw6QKGXpzeeaPOwDcaJM3w1XgPUAqJSqS/Zp4zlqge', '0123456789', 'sang', b'1', 'user', NULL, NULL);
INSERT INTO `users` VALUES (7, 'ĐH Công nghệ thông tin', '2021-07-24 00:00:00', '2021-07-02 20:47:15', 'dat@gmail.com', b'1', '2021-07-02 20:47:15', 'Đạt Quang', '$2a$10$4k3zUNT7wQ5QdW7dkPt1PeERgXk49av5GCbcPWUx7u6oyBe90Z5Y.', '0375221796', 'quangdat', b'1', 'user', NULL, NULL);

-- ----------------------------
-- Table structure for users_roles
-- ----------------------------
DROP TABLE IF EXISTS `users_roles`;
CREATE TABLE `users_roles`  (
  `user_id` bigint(20) NOT NULL,
  `role_id` bigint(20) NOT NULL,
  PRIMARY KEY (`user_id`, `role_id`) USING BTREE,
  INDEX `FKj6m8fwv7oqv74fcehir1a9ffy`(`role_id`) USING BTREE
) ENGINE = MyISAM CHARACTER SET = utf8 COLLATE = utf8_general_ci ROW_FORMAT = Fixed;

-- ----------------------------
-- Records of users_roles
-- ----------------------------
INSERT INTO `users_roles` VALUES (1, 1);
INSERT INTO `users_roles` VALUES (2, 2);
INSERT INTO `users_roles` VALUES (6, 2);
INSERT INTO `users_roles` VALUES (7, 2);

SET FOREIGN_KEY_CHECKS = 1;
